organism,n_res,n,f1_mean,auc_mean,ap_mean,acc_mean,bacc_mean,prec_mean,rec_mean,jac_mean,f1_std,auc_std,ap_std,acc_std,bacc_std,prec_std,rec_std,jac_std
Homo sapiens,1322446.0,3217.0,0.47352184155577265,0.8924293529743577,0.569471192258138,0.8446133881833809,0.8049019274633945,0.355142743865859,0.7645187938051492,0.32759604967924183,0.17894073844688266,0.09853404208559671,0.27100790391305046,0.08087263772186007,0.1189174073283392,0.15247106647247458,0.24541869580289952,0.14972931010172275
Escherichia coli,250362.0,414.0,0.37196676049299854,0.8631197491470263,0.39197803660471986,0.8248934741579984,0.7641785082198272,0.2661969406301904,0.7018136922142384,0.2421129240216806,0.1698006859988437,0.08883444177935208,0.23118222855822088,0.09051641514126704,0.11060500789769959,0.14474682804820485,0.25402102425428963,0.13223546697966734
Neisseria meningitidis,4709.0,10.0,0.43933157734757655,0.8704965552244459,0.49097163528987425,0.7913495738133682,0.7793124309480566,0.3199479653262956,0.7774018428028389,0.2966638291629867,0.1808628469325806,0.07037217005049405,0.24417345591767595,0.10498761681486718,0.09395434124824484,0.1665641049030275,0.21727065762064732,0.1466166568010629
Bos taurus,81298.0,137.0,0.43234593041800035,0.8801904275001421,0.5526156986855358,0.8440460885510389,0.7730980188349753,0.3220616946246882,0.7010805702804459,0.2967995439288775,0.2107221959791826,0.10292016489298746,0.2944333263421616,0.09477368809402027,0.14065333254163342,0.17036585187327857,0.3127062400459991,0.15868223799758382
Mycobacterium tuberculosis,79005.0,168.0,0.4000705538128787,0.8653386794551274,0.449041903814247,0.8030564603382724,0.7679330157247725,0.2834880653320621,0.7362487602145524,0.2600067966072508,0.14383962771274034,0.07424339678573821,0.213986064980923,0.07839328633666373,0.08864291995847555,0.11681176582393521,0.22240342251262932,0.11220143922980581
Thermoplasma acidophilum,5387.0,7.0,0.40044085883101743,0.8396083247210283,0.38260900407764314,0.8741508291105866,0.747562722495786,0.3119953777257375,0.6131466722900095,0.26391041917239805,0.17576977104765704,0.12141440921869545,0.24204952306612731,0.06995840728851732,0.1359464895069845,0.12349854533053545,0.3301224174158878,0.1444642006141147
Hepatitis c virus,56642.0,86.0,0.34306226379041804,0.8364729520156083,0.3971444182215405,0.8794335298978733,0.7376035080421838,0.24640679475844207,0.58369295704107,0.2299662224232226,0.23065683267264295,0.1550342178568521,0.3045912618594779,0.04268928407178839,0.18899138950258138,0.1702753604732031,0.3704278011005658,0.1670690949564476
Rattus norvegicus,133321.0,230.0,0.4190628211678328,0.892440546459508,0.47199362155882224,0.854321449687004,0.7905481228266734,0.3060272615508038,0.7242294476353787,0.2798370444531572,0.16983457588528764,0.07981044655715196,0.2555268353867132,0.07167912277723026,0.1072869213208032,0.14609107046564565,0.22689555291549576,0.1389264923470028
Capitella teleta,1272.0,3.0,0.20446354787125576,0.7384380331036535,0.1537776185723819,0.7264147969678434,0.6531516778695549,0.12536445192038123,0.5694444444444445,0.11421269932845907,0.03815524148449484,0.023353188032842153,0.007669659559190392,0.0061280103788923365,0.01015254351279111,0.028729423693571336,0.025220939842725013,0.023962101870974948
Pyrococcus horikoshii,14927.0,30.0,0.4044645923747732,0.8574122537855859,0.40410285234538657,0.8342182841998872,0.7680905581380404,0.29404160874824853,0.6933534205807056,0.2662727973188379,0.1580835745168537,0.09952617268493485,0.2508699389583941,0.06121999045842188,0.10182450115146133,0.13645905372953074,0.19763429778043495,0.13419990114367214
Human immunodeficiency virus,152583.0,414.0,0.6677083694591255,0.8962689615605468,0.7751507011242558,0.8865672261058342,0.8618369938903837,0.570268489095232,0.8408960459719428,0.5587754100309829,0.28425436059432024,0.21356835885521722,0.32096653553590687,0.111416352503,0.18675269939541203,0.2722858271423484,0.2988293566760219,0.27436375294482446
Haemophilus influenzae,8618.0,19.0,0.4389569724770398,0.8867951753967237,0.5122058040848811,0.8309430272087708,0.8061592908847287,0.31063739088954584,0.7819541620605361,0.29039038071529993,0.13759027218802447,0.13228233480493298,0.22195358182179992,0.05804989710621284,0.10121543995932396,0.11244138077852571,0.21323186317316686,0.11108300433050161
Trypanosoma brucei,22981.0,42.0,0.38262222291770775,0.893416949910758,0.42249372130344365,0.8425269854604741,0.7893619101477111,0.2677309574295056,0.736494383102037,0.2518453365192734,0.18142356957362107,0.06150217842657625,0.23962165736991067,0.0565612618960631,0.11095904728614757,0.14802941708013262,0.25498252084554757,0.14061094247022277
Bordetella pertussis,1870.0,1.0,0.0,0.8106757067340842,0.0622400226647434,0.9748663101604278,0.4975436681222707,0.0,0.0,0.0,,,,,,,,
Methylococcus capsulatus,5337.0,5.0,0.3214186545500442,0.8649737218311484,0.40575486038782727,0.8790967406645189,0.6932409752666909,0.24440940893173094,0.5058650615901457,0.2215273530411145,0.30031560175870853,0.08477537296546044,0.348661301400289,0.12451129071042785,0.1845553246973273,0.23769037059491785,0.46820876448961934,0.2103480177452373
Triticum aestivum,1041.0,2.0,0.25024352230664326,0.8182686354254071,0.2715065257331398,0.6873430634023854,0.6638262720588723,0.1562306740878169,0.6523809523809524,0.144140127388535,0.0775572019887057,0.008393620862586694,0.20409155340515733,0.21300870472184205,0.04440157938345438,0.03880997330260124,0.35018621544476647,0.050713518192105296
Pseudomonas putida,25370.0,49.0,0.34163377468482065,0.879897036622744,0.4119089387438141,0.8204902003692032,0.7853071929346886,0.2274002120012612,0.751756047285797,0.21483685522932428,0.1452783189545881,0.09201998176012016,0.2260062994880125,0.07567736378753608,0.12926639475849136,0.10975369217199711,0.2716615368856837,0.10389231951479441
Limulus polyphemus,356.0,1.0,0.46,0.8328368090036411,0.39380336663639,0.848314606741573,0.7413108242303873,0.3709677419354839,0.6052631578947368,0.2987012987012987,,,,,,,,
Pseudomonas phage,4401.0,4.0,0.20317296288814152,0.8114886862297321,0.13657395519229804,0.9039664095502079,0.6358218209085752,0.14371380203672343,0.34970462543991954,0.11726233186493906,0.1290750973031695,0.04045845271307622,0.08593884726571013,0.024990977861581165,0.09543816055353549,0.09298924324959598,0.20960155261390917,0.07781391743400966
Rhodospirillum rubrum,1587.0,3.0,0.42290808096922,0.8829746066154218,0.4375868403695387,0.7631079923378286,0.7957785181409909,0.28206133027923813,0.8476604696116891,0.2692038663814477,0.05574408181281874,0.01800745700462058,0.171880805213764,0.10400712460294437,0.006746985919493461,0.038020002024292364,0.12234300258149132,0.04443774532025699
Cyberlindnera saturnus,1364.0,1.0,0.180064308681672,0.8577512305735302,0.1160043105087047,0.8130498533724341,0.7500046088896264,0.1037037037037037,0.6829268292682927,0.0989399293286219,,,,,,,,
Medicago sativa,6468.0,13.0,0.2986663859122745,0.7985669625627444,0.29927641960252466,0.8011366096928667,0.7108437485142136,0.21184154650817058,0.6113458246647901,0.18573126895393108,0.16034583792766577,0.10162703947313313,0.2179200124376709,0.10201442916017857,0.10035469984567122,0.13906850099058807,0.229500681482852,0.11743795362529397
Streptomyces cyanogenus,513.0,2.0,0.511443661971831,0.9199592492917474,0.6089745271146003,0.7660049854085603,0.8335029891102952,0.36528935604687685,0.9259094942324756,0.3549679487179487,0.19296047726041352,0.06546223231968964,0.41955702692380037,0.05578009779848892,0.03239114285192223,0.18290632095208395,0.018195294280754018,0.17564351135242773
Pseudomonas aeruginosa,40061.0,57.0,0.34616374234424957,0.828092610728921,0.37775893641490765,0.816192836959803,0.7298054928976015,0.24928367812551608,0.6390968015399514,0.22707606456888185,0.19841504153928033,0.12343782713411683,0.2633828513734174,0.08902037905093216,0.13399346617206748,0.16509253812956756,0.2945239151024543,0.15212205809935656
Pseudomonas mevalonii,3835.0,5.0,0.28759764013561756,0.8266164548729311,0.1999531212540709,0.8808302872812362,0.69655577093178,0.2115851133071455,0.488180687271311,0.1686624762436121,0.04789504771382128,0.06278022873098918,0.039447391389218656,0.00864256221545503,0.07809622984556933,0.042397933090047184,0.16153162746331456,0.031854702927590905
Spinacia oleracea,3944.0,8.0,0.4344949359571792,0.8828423577400188,0.44045361562474605,0.8334504178813048,0.7901600185708689,0.3191037878142314,0.7419724902438891,0.28561004394836687,0.1231257292879779,0.039416079377676716,0.1786826306089958,0.07767896456417567,0.03760159958545257,0.1437002329999997,0.08514024828380051,0.11747176234291215
Pneumocystis carinii,5041.0,18.0,0.512451476222289,0.9078236254755002,0.6713827824080082,0.7912488619911276,0.8108566485450892,0.37172488363524997,0.8422414287167608,0.3488950170415943,0.09226367420668201,0.042193661645434095,0.173742758113415,0.03654021524624891,0.054398248455637996,0.07828247289850006,0.14324607193767314,0.07539688231127104
Mus musculus,109865.0,208.0,0.4422932503322049,0.8865683117359817,0.500318373825997,0.8569743005671833,0.7857515992055585,0.3343333449320542,0.71279349209173,0.30563882585001234,0.20157573438476756,0.08959853469485797,0.2763261556469274,0.08515823984315403,0.12238811300595366,0.17410510601573798,0.2609878060648128,0.17027494801061466
Thermus thermophilus,59205.0,82.0,0.3464872616653626,0.8481048791707987,0.3569387743154256,0.8577815927462955,0.7292693345249195,0.25564823850648505,0.5908482467050387,0.22368479808174596,0.17656151919410543,0.10353513910959303,0.23225704178199033,0.07130062701194763,0.11521768273213845,0.14349586089897004,0.27533003872202544,0.13546953633739064
Chlamydomonas reinhardtii,878.0,2.0,0.3975895316804407,0.8975766392052184,0.4072785077207579,0.7786858645897383,0.768181970939398,0.26981490270526814,0.7954545454545454,0.2642360356444251,0.2558635694458761,0.053386632138496606,0.39030270152703933,0.1268004730422485,0.04828635697518939,0.1939761364621853,0.2892709559399512,0.20186584592230608
Saccharomyces cerevisiae,93930.0,126.0,0.39851817856329746,0.8821203428160473,0.4360528502702875,0.8586029435063165,0.7643447779983567,0.29894452579314273,0.6666524294002196,0.26878676258511636,0.19980241465287987,0.08992522318068227,0.279736409377488,0.08597591638754758,0.12498161736685429,0.16759843699905416,0.28340089045842953,0.16253772152241525
Thermotoga maritima,28104.0,53.0,0.37415552666496177,0.8509187599283019,0.4200105034377981,0.8397520691967391,0.7577108789166899,0.27178849358725604,0.6675284649295801,0.2417257918326785,0.1631245978251451,0.12195027937897401,0.21246172618979683,0.06080477163715377,0.1232310987262465,0.13390275318214362,0.26874596201966383,0.11862501051321418
Paraburkholderia xenovorans,5427.0,14.0,0.35892112163489365,0.833038265115129,0.3947325183139748,0.8463036704275161,0.7106901500843387,0.26931593463113135,0.5595358284895637,0.22889604582332337,0.15374817173158484,0.08688935979151921,0.25357945872086946,0.0425808761542772,0.10854392012907203,0.11021043976744128,0.2710610228453152,0.11772706833084165
Arabidopsis thaliana,29186.0,51.0,0.39367943236622965,0.8688401440769117,0.40966246259723355,0.8312819135025912,0.763774968035204,0.2878163605876776,0.694733183151409,0.2576509523937398,0.16222592866281196,0.07647395750577868,0.23665389304740708,0.08758906575700821,0.09271408743179792,0.14580060046885146,0.20092744144614963,0.12792448280866606
Pseudomonas fragi,2199.0,1.0,0.1034482758620689,0.7650880037054192,0.0515836122807897,0.9290586630286494,0.5835514126910607,0.0671641791044776,0.225,0.0545454545454545,,,,,,,,
Ovis aries,16726.0,20.0,0.3365757781873104,0.8734317480567734,0.34192750633088476,0.9009954488193976,0.7178634667051484,0.2560581146747042,0.5198730323437549,0.21218121754416766,0.15524332026542728,0.03871007387857717,0.21421197317347798,0.05509562271883374,0.09623970730836989,0.12745665217233934,0.23051343954455022,0.1115710304324246
Panulirus versicolor,3328.0,3.0,0.3145651993250445,0.8965603847844825,0.26321331474632004,0.8809743478418177,0.7532000492449168,0.2113481695869837,0.6161111111111112,0.1899762342142437,0.10788019714391214,0.01577779554152691,0.1329583959532008,0.03266913812046228,0.07560903806499888,0.07484287207026348,0.1909067059334752,0.0782704161068412
Macaca fascicularis,1096.0,1.0,0.0404040404040404,0.6228549268008919,0.0436034827035332,0.9133211678832116,0.5026177164463691,0.0285714285714285,0.0689655172413793,0.0206185567010309,,,,,,,,
Candida albicans,7911.0,22.0,0.37953318417864657,0.8990462852883128,0.4852167826542146,0.7516911108872493,0.7918557851612286,0.2538737250623064,0.8507585943445874,0.24316228055414835,0.135240180339158,0.04586156247330505,0.24316350045601615,0.09482308701549488,0.0702219386761075,0.11870415644643137,0.2041653998233667,0.11299419187151181
Sus barbatus,761.0,2.0,0.34099465028729936,0.8196852851040668,0.2857912784326345,0.8266558218457698,0.7250611064062841,0.23849206349206348,0.6048951048951049,0.21067090803932906,0.1527137688712774,0.13014724799385183,0.1703679095086804,0.016500381212671774,0.16524659161906904,0.09484210001629094,0.3411913839291733,0.11144395481395854
Penicillium janthinellum,2584.0,8.0,0.6813934601441319,0.9849646526595501,0.8960302830567335,0.8993808049535603,0.9389341974074796,0.5211734076689282,0.9894626271561257,0.5182314253755411,0.04469616780793975,0.007488261302084618,0.04543673569078166,0.010066171319540938,0.008063889109354497,0.05011316717602155,0.014568112917028891,0.049885764966825376
Gallus gallus,31541.0,69.0,0.42864284634801814,0.8547377902722875,0.5093852202116721,0.8194600826953771,0.7605371567759476,0.31928497360965746,0.6993917942711914,0.2892330149447203,0.18194555192099782,0.11836335717131127,0.28668301940296287,0.09886157892914067,0.13675246578452854,0.14451247289421446,0.29322583824794407,0.14525059741369972
Clostridium perfringens,6504.0,7.0,0.28958236071024607,0.8699442656257964,0.24285245844461453,0.9274152184457011,0.6599087270507477,0.24010136665101256,0.37255934425052073,0.17812491441049785,0.15347094728348507,0.030075696612818455,0.15268329300933728,0.03490921211682508,0.09764021415550043,0.11349949134372146,0.22790918314591907,0.11482948356718288
Nostoc sp.,1719.0,4.0,0.3769303652038004,0.836150199498777,0.3674333201130497,0.8149960617287552,0.7400249612882692,0.2705435825637733,0.6521929824561403,0.24006065818073224,0.15533336112328294,0.06948749027150661,0.16649866160570512,0.0268891489671909,0.09922309436677854,0.1234988950402083,0.19205719177443134,0.10909752888623596
Bacillus anthracis,12506.0,34.0,0.4955083810125032,0.9125614317785845,0.6106621436167012,0.8188458938446113,0.8138191674162236,0.3713005943190135,0.813725359418704,0.3435382453116578,0.1595352300713418,0.05569631726407435,0.27018535824146916,0.0541326434707913,0.07153143975299323,0.1497414589705565,0.16594486443882467,0.13841484918433783
Secale cereale,972.0,2.0,0.5186567164179104,0.972619514106583,0.672533315634106,0.9351851851851851,0.8578076018808778,0.3904761904761904,0.7727272727272727,0.35034013605442177,0.02638458138755774,0.006580637168174176,0.03503029142433459,0.0014549522246636321,0.031379248812451646,0.013468700594029546,0.06428243465332252,0.02405125106076695
Burkholderia vietnamiensis,1014.0,3.0,0.3955705021026498,0.8691342423697263,0.4803457500351131,0.6946056410511812,0.7847121272927725,0.27310119823541973,0.9074747474747475,0.2693237881300779,0.25330082616385297,0.08320355053442369,0.39917616685501695,0.11459215574464704,0.07169390781075534,0.21824266766786404,0.0733466888247516,0.21669658181130175
Oryctolagus cuniculus,54287.0,76.0,0.31207177393734026,0.8261906564793291,0.36393817661120365,0.8820572213036216,0.7191479662725189,0.22639078684900849,0.5382254244555735,0.20483510305473204,0.21917926655552342,0.16865154977215188,0.26622121502709906,0.056392116309759655,0.18392969052896335,0.16878218388319086,0.35153138327392935,0.15675092420179884
Armoracia rusticana,922.0,2.0,0.21992753623188405,0.8458105419684572,0.2282277516463837,0.8923372379254733,0.6547465771534332,0.1538461538461538,0.40126050420168063,0.12528630325240492,0.09889247012246644,0.0015926259178388625,0.14635961551910429,0.07420089620930896,0.09433753404522965,0.05439282932204217,0.26442228372101995,0.0625156247224021
Saccharolobus solfataricus,15650.0,18.0,0.2544932145827352,0.8207311155221005,0.244455455427126,0.8607354219473833,0.6759022729939401,0.18304417121139907,0.4829407225853304,0.15907315343919703,0.18690270802589604,0.085640899513616,0.200583448918655,0.06906407018795056,0.1297064339469915,0.14292884342810952,0.3092222245048365,0.1319372508138509
Rhodococcus sp.,3001.0,2.0,0.05405405405405405,0.8361650481751919,0.0794879764574168,0.9439380002694429,0.5406163252292896,0.03448275862068965,0.125,0.02857142857142855,0.07644397634449161,0.02748359672929364,0.036322056492758215,0.03876622699546498,0.0700459613345051,0.04876598490941706,0.1767766952966369,0.0404061017820884
Methanothermobacter thermautotrophicus,5304.0,12.0,0.43811035292280404,0.8640503068406641,0.4170460176430604,0.8288412708263411,0.7701732995580909,0.34003553073881293,0.7001595917745052,0.2941394791368927,0.15847167838219614,0.0255634765276216,0.2235820114391787,0.03748660181543136,0.041824269591587984,0.17702977814419973,0.12048694525752739,0.1471263215843868
Thermoactinomyces vulgaris,1934.0,3.0,0.37957089552238804,0.8460814486662911,0.3699834494225966,0.9193916285670157,0.657524762461253,0.42927170868347336,0.354789886039886,0.251444568868981,0.24240745303616493,0.08656397312863258,0.2616369054477065,0.004894541614983837,0.09317976576729031,0.30808186633227935,0.17289718704170276,0.17251869263188999
Geobacillus stearothermophilus,15232.0,23.0,0.39164986890483455,0.8706741237667185,0.4140043336669592,0.8340797293263534,0.7711686003896407,0.28556367582916836,0.7058632998656467,0.2582834381017342,0.17789284615940978,0.08330450452649396,0.26232274046453413,0.07106924162400194,0.10923545636883049,0.14918316794904876,0.23932698772277042,0.14090053337574998
Lentilactobacillus kefiri,250.0,1.0,0.706766917293233,0.9788811046806782,0.9470317249534288,0.844,0.8875520357396689,0.5595238095238095,0.9591836734693876,0.5465116279069767,,,,,,,,
Aspergillus niger,1361.0,2.0,0.5093776641091219,0.8841063368513976,0.5630214811108831,0.9211439163246392,0.8006612710735052,0.4346846846846847,0.6646825396825397,0.37029780564263326,0.30442363554919566,0.11510251869636853,0.3852898147797981,0.0190234473635784,0.10186983569828614,0.3280720651451099,0.1823886538774825,0.279850254309723
Archaeoglobus fulgidus,15978.0,28.0,0.4213878810399009,0.8670950079791016,0.4568150412799867,0.8300454855974956,0.7527472554964011,0.334081137769214,0.6638038785594815,0.2821813373830799,0.17366946199826033,0.07299780872159757,0.24735251024324523,0.07685793527513637,0.08910688121242118,0.17574764380824484,0.20914473296720631,0.14447320747258768
Bacillus subtilis,42614.0,83.0,0.3843273186960343,0.8584757361508404,0.4066705509837624,0.8329449820948339,0.7565620101213846,0.28240181040123247,0.6737713613681827,0.25280448189173577,0.17742519079905986,0.08419240778090366,0.22963265002087957,0.08630104364074355,0.11244931536528106,0.15231012981098344,0.25302496473970393,0.13875964458544687
Schizosaccharomyces pombe,13340.0,16.0,0.24967494275128943,0.7851298994691591,0.26281526062089594,0.8633436419215237,0.6550043831323482,0.18469411536413294,0.42815871029142993,0.15452543130273777,0.1755927612898508,0.14025034615770718,0.25925411926983366,0.0884983022230227,0.13906642277897757,0.1299265289530881,0.29353872860164887,0.12719249218903605
Klebsiella pneumoniae,7610.0,12.0,0.3692183628111814,0.8779024019689748,0.4257239784194243,0.7849461514275227,0.7760951501213557,0.25223479021944345,0.7759117676276882,0.2368687180333857,0.1548985370735921,0.10655274328780466,0.21123875199969874,0.11927432177146509,0.13979216377823805,0.11412592516018828,0.30906159742856526,0.12133892268574817
Streptomyces clavuligerus,14165.0,14.0,0.26158862289337786,0.8345166030300666,0.20066128433755662,0.8906256345852804,0.6728341218196091,0.19451880462447155,0.43428459361412225,0.15314552281851151,0.08638474165314208,0.05790501448868241,0.09223112791755424,0.04555948127861077,0.06622549552278441,0.07360315340671048,0.14550990820539916,0.05793994006372037
Nicotiana tabacum,2112.0,5.0,0.3789564375730383,0.8462287625178195,0.3998834940480256,0.8025393963964877,0.7590074220171406,0.2629374183942533,0.7078755509463314,0.2396307189542483,0.11956798580957428,0.08028922671617014,0.15561808274793482,0.08611453976373128,0.09378415218830717,0.09750958595546333,0.16483324938916757,0.09937750144217496
Crotalus adamanteus,201.0,1.0,0.5714285714285714,0.8763636363636363,0.5301113092654639,0.8955223880597015,0.7515909090909092,0.5833333333333334,0.56,0.4,,,,,,,,
Sus scrofa,31767.0,66.0,0.41766688889060904,0.8834218241218318,0.5145332273104262,0.7765923879020096,0.7678905033550766,0.30053271200339254,0.7751661852229831,0.27575312414321373,0.15152100629277004,0.07678950221276178,0.2211606199524936,0.1665450952137078,0.11167608627812457,0.13901296006646285,0.1872408198205668,0.1264316253121686
Sporomusa ovata,1975.0,3.0,0.13877946099695637,0.8405104091000298,0.15793039201836107,0.805061864408737,0.7167102809446092,0.07821829389650593,0.6235380116959064,0.07458226159998153,0.009464542774902173,0.024439052864656297,0.024137513926040455,0.004713029908108826,0.018720381892245473,0.006736268324805564,0.043877920170932484,0.005479844701226325
Leishmania tarentolae,1072.0,1.0,0.125,0.7063492063492063,0.0624177797062394,0.9085820895522388,0.5881226053639848,0.0833333333333333,0.25,0.0666666666666666,,,,,,,,
Zea mays,19595.0,35.0,0.5086819312289083,0.9193685792392279,0.570372190701439,0.9097784081730875,0.8246112554419558,0.4059300872963254,0.7326437865704184,0.3745090380549049,0.23950734858725822,0.09219229388706195,0.32270281606803936,0.053621312484377515,0.1349917704490693,0.21868865142160354,0.26868613539292174,0.21586685632029845
Shigella flexneri,600.0,2.0,0.3424036281179138,0.7076638399550145,0.4437388231261204,0.8088179047045052,0.6547393407053176,0.2602040816326531,0.5063025210084033,0.2504887585532746,0.43933618604334246,0.3286142480852738,0.575083829713812,0.03140547741057318,0.26613988880848694,0.33912263995681363,0.6150046374185517,0.33143470340073267
Aeropyrum pernix,5153.0,8.0,0.36620489211301244,0.8444575666968945,0.43940252538355495,0.8129574174982108,0.7041783868885816,0.27502218238158305,0.5914201701701701,0.23747942685490606,0.18028529813597588,0.048637030592811825,0.29609140177638854,0.11029832713922594,0.07995193911259371,0.15277089782122844,0.20815833249816718,0.13885897966834096
Acholeplasma laidlawii,239.0,1.0,0.7008547008547008,0.9688811188811188,0.9038636644515295,0.8535564853556485,0.8838578088578088,0.5616438356164384,0.9318181818181818,0.5394736842105263,,,,,,,,
Thermus aquaticus,12615.0,14.0,0.21706792044455916,0.814556399481132,0.20799190603616338,0.9045077621938846,0.6288168588916278,0.1718835702331265,0.3299038271477155,0.1278593212888411,0.13292842977577476,0.05639871888632451,0.12632403068588724,0.038286059602972856,0.09492003360436709,0.09223320536938485,0.2217364307230293,0.08875574383414933
Mycolicibacterium smegmatis,7247.0,14.0,0.3587500141140872,0.8747241220603709,0.4005490325127332,0.8017689178422989,0.7624351099596576,0.2552705869587118,0.7183898668098682,0.22583360596403385,0.1259556180795582,0.07920590361753152,0.20996348370217083,0.0872586166299894,0.10309684220977326,0.10423357330450954,0.24177513480714613,0.1022126707907632
Bacillus sp.,4717.0,5.0,0.14436341493118982,0.8246236715372216,0.11586903719528607,0.8953623957899268,0.6350228810141987,0.0923705778607739,0.3618576998050682,0.08108961502071657,0.11568301271376459,0.06616604967456903,0.09287262017616825,0.03428210664573843,0.14412776271427405,0.07487482275741279,0.32282254605816885,0.06603149601056253
Synechocystis sp.,7608.0,9.0,0.2921763676827657,0.7868223745506059,0.30345641810218693,0.8621655620188989,0.6535834931822854,0.23625145313578436,0.42168471419273695,0.1854690779482736,0.19897807538785653,0.1321993565672198,0.21643189725954315,0.09706860322456931,0.11403359654399624,0.16590284247215498,0.28602926915350946,0.1396399732192934
Staphylococcus aureus,26449.0,62.0,0.4299775307065856,0.8671710553121604,0.5134530521514473,0.8155155624906412,0.7640884685826976,0.3159351046405132,0.7197485463663017,0.2938168893976926,0.1988655779913296,0.10465660727911222,0.2898996146365376,0.06651442364889869,0.10762776152446517,0.16078342654726874,0.2733095679656787,0.1611152282157096
Halalkalibacterium halodurans,2526.0,4.0,0.34453546906649585,0.8254652716279223,0.3465523726635238,0.830676577525086,0.755914920743603,0.23469602616722493,0.6720484745170032,0.21422991611958825,0.13636577187908075,0.11431199463901803,0.2012364821294932,0.040177672586709824,0.10817377438590586,0.09760867864012407,0.2264029776859554,0.0989425873300036
Plasmodium falciparum,30108.0,53.0,0.3859162920982922,0.8647845863183277,0.385163133801842,0.8464837635140526,0.7668140719957277,0.2800804353702652,0.6803384460167303,0.2536979797094699,0.17166916311967237,0.07098278374793013,0.2343361929970282,0.06793424137787199,0.10096131327104353,0.149968102832321,0.21008227118080708,0.14086335056826169
Influenza a virus,7222.0,18.0,0.2754621399580307,0.739507213127881,0.3611246311518266,0.7993500258661324,0.667752088150735,0.20145716214806716,0.5250335776358426,0.17747492007252708,0.21975440626304854,0.1821511940892862,0.2734666456966743,0.16360810317746516,0.16238840380399125,0.15693516893006795,0.4254664035527234,0.14771784342803743
-,4624.0,13.0,0.4301066371527533,0.8740428336687628,0.4886591598202975,0.8204085380279753,0.7984838134227716,0.3076427242245496,0.7737239701472522,0.28940462752351814,0.17555102525393423,0.11206523704527155,0.2413379788657299,0.046470528102610306,0.11377899973717072,0.1526827230520956,0.20119030255897885,0.15016849117448963
Vigna unguiculata,1940.0,1.0,0.0,0.48671875,0.0098716646417518,0.9881443298969071,0.49921875,0.0,0.0,0.0,,,,,,,,
Pyrobaculum ferrireducens,966.0,2.0,0.46812659367031645,0.9025485740853223,0.37312242091088343,0.8726708074534162,0.8421148071835876,0.3297619047619047,0.8065953654188949,0.30601023017902806,0.03881822137607262,0.003919197649176161,0.03131629780007664,0.01317590275502886,0.03443587295287876,0.028620988762312654,0.059240675072669814,0.03309476750821946
Lupinus luteus,466.0,3.0,0.4385269279463528,0.8026404562607975,0.4740388553608328,0.6973930801750815,0.7377117357023059,0.3039712190397122,0.7956349206349206,0.2809941520467836,0.0208031573069968,0.009012599512472269,0.12893748356389725,0.0453903704964449,0.001250166111382625,0.025479820407593397,0.06898943909013378,0.017152057749780684
Hepacivirus hominis,1851.0,4.0,0.4152702751032492,0.8479026429556681,0.45602787814354007,0.8411226194685357,0.774978176349565,0.2946279810203861,0.7052503570754844,0.28143984551658746,0.24128053324552481,0.15862173524736634,0.2613063658809487,0.06402339171539678,0.2036993859939871,0.17234714861574343,0.40588699338285195,0.16990357921875554
Elephantulus edwardii,1976.0,1.0,0.2183406113537118,0.910680325034578,0.162653024710781,0.9094129554655872,0.719960235131397,0.1381215469613259,0.5208333333333334,0.1225490196078431,,,,,,,,
Leishmania major,4684.0,14.0,0.499953238772963,0.9195850965375226,0.6026806163248856,0.8495364198440019,0.8002450500136041,0.41223161425347327,0.7430618618152609,0.3494350655658342,0.17303779082751483,0.050146294868560516,0.22686980335753773,0.09299621309530615,0.08618366680910731,0.19961709880307726,0.198580128383842,0.151311491943445
Rhizobium meliloti,2769.0,8.0,0.48526322006777,0.9022488874052416,0.5884704377660163,0.8341772290929172,0.7813419005108844,0.38644116806340867,0.7167241164119055,0.32664980710755764,0.11306790926526264,0.04156515693458292,0.19630592261899332,0.051210904750515145,0.06210874137708779,0.126747285998891,0.1605663917247317,0.09646876941299493
Caenorhabditis elegans,2907.0,6.0,0.45075249043048643,0.8994516958470552,0.48043754581336345,0.8201091732832544,0.8421436838898253,0.3212689244435125,0.8706032318935546,0.30906633488457363,0.19235985901603936,0.06087853953182687,0.2810652659355479,0.057836044904968006,0.065612167925865,0.1800947794911223,0.08132688529768649,0.17600749205499525
Azotobacter vinelandii,2707.0,4.0,0.32281374809991265,0.821879917089343,0.34312024622288456,0.8044032740279884,0.7195141238944911,0.22003764992305908,0.6260556647653422,0.19808179044449062,0.13667213782758705,0.06732930174875876,0.19091130200033743,0.05641406070870028,0.08718360393735028,0.09930125505490144,0.2094745520546234,0.0918351264147396
Helicobacter pylori,10444.0,22.0,0.38048697147886473,0.8527456669449444,0.401330476636233,0.8004847968083457,0.7560752515983673,0.26868950646655176,0.7113338710781016,0.24763116502385785,0.16095960465716588,0.06828237908454135,0.22416829329567176,0.07104174207207888,0.08735535244930484,0.1442508271300397,0.20171219881715322,0.1350279002314329
Acidaminococcus fermentans,1879.0,3.0,0.3182999047405827,0.8232810751657437,0.3266409706627209,0.8151401939890425,0.7361781585654855,0.21484012121445087,0.6453355611250348,0.19060883543642163,0.0698127217745032,0.060220693862571,0.07844428248884343,0.038023948485342546,0.082877095234318,0.05243711280568107,0.21429158224345385,0.04827923644320152
Salmonella typhimurium,24170.0,46.0,0.3427061534640343,0.8534526140728717,0.3848337312842373,0.8148496146720542,0.7599936401753186,0.2349860688729545,0.7068572036865222,0.22146904479589005,0.18247746632717773,0.12274955422406333,0.27635663214295797,0.06826459171789051,0.12406010283785068,0.1432748131672028,0.27707426171967514,0.13727044774173047
Aplysia californica,1006.0,4.0,0.49784191630657015,0.9078061778230353,0.6013274268432014,0.8061602795168532,0.806840948721582,0.3605934590523631,0.8077764976958526,0.33196525662539134,0.03512529373270984,0.012461565171324528,0.051829035158179375,0.011904607060323744,0.03213690888280067,0.02790165961399804,0.07472649581227743,0.031217843631528512
Argopecten irradians,2129.0,2.0,0.3740504778240627,0.8957923954485565,0.28149956490839056,0.9460508479362881,0.7334972353016844,0.3023989898989899,0.5066844919786095,0.2301631442343344,0.022005038277552437,0.021610924759822795,0.006020034240313599,0.01341195419066681,0.028828268687723545,0.054461507136842655,0.07373573386704646,0.01664860237498916
Cellulomonas sp,798.0,1.0,0.1890547263681592,0.8956180017226529,0.2122434694751789,0.7957393483709273,0.7937661498708011,0.1073446327683615,0.7916666666666666,0.1043956043956044,,,,,,,,
Streptomyces venezuelae,4260.0,10.0,0.4154542887944078,0.903329690645878,0.5056520614996016,0.7571007479494958,0.7760182698115725,0.28502482536906265,0.8246027167277166,0.26530703473568,0.08380799187175718,0.04261332781164643,0.222271696149868,0.1673636235557111,0.07199131704179117,0.06361867263766673,0.21441212270542848,0.06551219171422631
Campylobacter jejuni,4535.0,9.0,0.39988182949446427,0.8700718336151821,0.4146314982984418,0.8467923714482882,0.7782870244688762,0.29876996378650333,0.6990089112176926,0.2624714389771927,0.16454054677991478,0.07059905813339297,0.2346726503506199,0.041014933298665436,0.07473771490238348,0.17070646094041136,0.15178229109238606,0.13781222230303442
Streptomyces sviceus,246.0,1.0,0.5853658536585366,0.9522486772486772,0.7447746699031209,0.7926829268292683,0.8785714285714286,0.4137931034482758,1.0,0.4137931034482758,,,,,,,,
Zymomonas mobilis,6620.0,7.0,0.32611990991206985,0.8718341020954238,0.36678974827614624,0.8915488795558024,0.7580584457499964,0.23149902763921779,0.6157746216880738,0.20910978263220964,0.19114831017499104,0.11554745671475387,0.28910785355858526,0.034101386246823746,0.14852245014791612,0.15755803482570502,0.3283759947283374,0.14731774342826923
Paraclostridium sordellii,1621.0,1.0,0.1616161616161616,0.8587627059235892,0.1040692508424808,0.9487970388648982,0.5937609533824044,0.1269841269841269,0.2222222222222222,0.0879120879120879,,,,,,,,
Paenibacillus polymyxa,608.0,1.0,0.3783783783783784,0.891485436350422,0.3825494300582638,0.8865131578947368,0.7875831609548833,0.2625,0.6774193548387096,0.2333333333333333,,,,,,,,
Cupriavidus pinatubonensis,354.0,1.0,0.6567164179104478,0.9545360038810728,0.8050782959026551,0.8700564971751412,0.8980525330930764,0.5057471264367817,0.9361702127659576,0.4888888888888889,,,,,,,,
Sparus aurata,926.0,2.0,0.185632321300502,0.6480515599954854,0.11684921677209745,0.8390928725701944,0.5955349986300167,0.13065624259654104,0.3205128205128205,0.1023238925199709,0.008283105971346086,0.013711700977138778,0.005684904790030074,0.004581685407256196,0.00653070609931218,0.0051931557016780755,0.018130943107347346,0.005032422988836696
Spirosoma linguale,269.0,1.0,0.4146341463414634,0.9214859437751004,0.4437727727775926,0.8215613382899628,0.8346385542168675,0.2741935483870967,0.85,0.2615384615384615,,,,,,,,
Chlorobaculum tepidum,482.0,1.0,0.4545454545454545,0.9195840938001216,0.5125122044537991,0.8257261410788381,0.8383938941430231,0.3097345132743362,0.8536585365853658,0.2941176470588235,,,,,,,,
Clostridium cochlearium,1242.0,1.0,0.1419354838709677,0.8332292522596548,0.1036124412350832,0.892914653784219,0.6711092851273623,0.0846153846153846,0.44,0.0763888888888889,,,,,,,,
Solanum habrochaites,1033.0,4.0,0.5942499558163801,0.9645991577082111,0.7871033383040072,0.8634731076591542,0.8989951910231397,0.44048162748585806,0.9428780628661001,0.4261834136695093,0.07896589038109622,0.019132014774421054,0.05534623103308714,0.02309138986702842,0.014950821373625339,0.09496858827498425,0.044681868155116086,0.08205902459932213
Plesiocystis pacifica,253.0,1.0,0.6614173228346457,0.9580128205128204,0.895371034695837,0.8300395256916996,0.8705128205128205,0.5121951219512195,0.9333333333333332,0.4941176470588235,,,,,,,,
Streptococcus pneumoniae,4113.0,12.0,0.479512374368314,0.899456049310325,0.6264902033750733,0.8249360193704026,0.7968978147008957,0.35085654152717255,0.7770401676706612,0.33553148217570977,0.20984771564196503,0.0852829922399613,0.29815456071753527,0.06162153334260971,0.14001991922434356,0.15561198233209744,0.32684291455893605,0.1602368435411316
Shewanella oneidensis,3722.0,5.0,0.4498118916537367,0.9473023101512359,0.5130448555467579,0.8643227203946668,0.8899252918468008,0.30623798003813857,0.9206652806652806,0.2993222266182768,0.1459170911306655,0.030104858671193654,0.22563358488033713,0.011910835162345541,0.047206540977245096,0.12610265830340595,0.10773620662672706,0.12183900743168544
Leishmania infantum,1426.0,2.0,0.39068947275612764,0.9055870411521085,0.46628332475378254,0.8449573656149576,0.8227391978541522,0.2596571854428021,0.7969483568075117,0.24290461404368902,0.023840383805831113,0.026925963208819226,0.13855836607999605,0.007762707277760971,0.02776810589961772,0.02643636084177753,0.05145612726944364,0.018412433480806786
Aspergillus fumigatus,6360.0,12.0,0.3799557970645226,0.875654451837805,0.4299573658736833,0.8650557165533148,0.7640761280313534,0.28621654755751974,0.6439661493097092,0.24246531541436775,0.13522786300808054,0.07436871459422745,0.21163297658308372,0.06371525217214788,0.10839060901796306,0.1208149904579238,0.2132260084929386,0.10419440289013891
Pseudomonas fluorescens,2704.0,5.0,0.6380369787230381,0.9505034710780496,0.710961779134771,0.8922841855628242,0.8819888505826103,0.5237267660544161,0.8669488219691059,0.479056729142936,0.13240422662984966,0.020778068369508202,0.2019264443853364,0.03268236404840061,0.021462702504310895,0.167395686106359,0.04484908260869065,0.1364955828768619
Parageobacillus thermoglucosidasius,1224.0,1.0,0.2222222222222222,0.76655789219241,0.1478353169072346,0.937091503267974,0.6114938361131255,0.1929824561403508,0.2619047619047619,0.125,,,,,,,,
Nostoc punctiforme,280.0,1.0,0.328125,0.8054457619675011,0.3805348119479546,0.6928571428571428,0.7307861220904699,0.2079207920792079,0.7777777777777778,0.1962616822429906,,,,,,,,
Arthrobacter sp,842.0,3.0,0.3440686185367037,0.7762281103812739,0.32972767602234737,0.6781383085017277,0.692387564959903,0.22871667185392672,0.7119088319088319,0.2098392660524263,0.08489754245888051,0.03709785816352305,0.05828371170295794,0.024318131439226818,0.040976622961857126,0.06654698587251527,0.06908718535210989,0.06026395039999835
Streptomyces peucetius,1032.0,2.0,0.2661494151531182,0.8435085967559008,0.15629873085892293,0.8001453488372093,0.7536866329991969,0.16571815718157173,0.701797385620915,0.15370775969962452,0.03275143381972611,0.012481990187024786,0.008537050834378845,0.050360802729855866,0.015456371526843449,0.03008557307487475,0.0889660492669349,0.021792871698020945
Pisum sativum,7739.0,8.0,0.202704838421301,0.7693184365804493,0.1528029883158836,0.8740645497171595,0.6531995959795609,0.13558373144848726,0.4195630313103056,0.12099399355128043,0.15950345727806503,0.10073878203447181,0.12510355216952768,0.06833622508295913,0.13748776737312332,0.10892818458337561,0.31681674312277713,0.10594069542470616
Trypanosoma cruzi,13369.0,31.0,0.40538459142571,0.9102741438660753,0.48165519479085545,0.8171189273344713,0.8248766255134362,0.27498270954090503,0.8363150742494267,0.26020734012345537,0.11196893668760996,0.04498644961970234,0.1652086913642228,0.05724124448534806,0.060255210779694895,0.0956916667314133,0.13227401965418342,0.08855648046543144
Streptomyces griseolus,803.0,2.0,0.34471629359708483,0.9118399257934142,0.523275773135613,0.8406381051638998,0.8230987058320604,0.2375971862273232,0.7948717948717949,0.20996955859969554,0.08819509878828566,0.07838939019951847,0.15972835880587002,0.00916366451958297,0.13872010178476532,0.1035397008364604,0.290095089717558,0.06446833514927575
Saccharopolyspora erythraea,1648.0,4.0,0.4852021624342151,0.8927301322375121,0.5334921287928835,0.8731811352975332,0.7613744209554733,0.40815944068781934,0.623450956064808,0.3217397447933631,0.05848430287685118,0.032793546154122694,0.09579784214450432,0.03193881854853475,0.07175491974674501,0.03956792564021087,0.18101969586287142,0.04944431930665094
Pyrococcus abyssi,2069.0,7.0,0.41363206635978333,0.8733735344539555,0.4779333945305209,0.7407634197098698,0.7962443630325353,0.2744940599798121,0.8695068842852095,0.26305860744793436,0.07145856924865952,0.03029245368444081,0.15517657573941326,0.0482612028203048,0.030514545244903515,0.06269705991173398,0.07601345192367427,0.06005174162042863
Allorhizobium ampelinum,247.0,1.0,0.449438202247191,0.972907488986784,0.7185236152736154,0.8016194331983806,0.8920704845814977,0.2898550724637681,1.0,0.2898550724637681,,,,,,,,
Aquifex aeolicus,21893.0,40.0,0.39783639393466386,0.8772210670964888,0.4032459277352122,0.8818907682467436,0.7430066808496302,0.3388135218795513,0.5877293402737516,0.25784652467012387,0.14214914442735677,0.0544018924878633,0.18427081697440084,0.05304620271728115,0.10038402092662083,0.14858122928729275,0.2532619284210463,0.11079746889821288
Avena sativa,285.0,2.0,0.5308988764044944,0.7963304213304212,0.6351219849616561,0.680186170212766,0.7123771498771498,0.40631287726358145,0.7727272727272727,0.36197916666666663,0.043697610073325996,0.02742781558656535,0.010506538014297876,0.06926888237687363,0.03786003752667533,0.056732158752140015,0.02142747821777415,0.0405113260054793
Cereibacter sphaeroides,5727.0,13.0,0.3587936512240321,0.8031299014511064,0.34701454964066375,0.7513667619567829,0.7090776379781812,0.25717045211300726,0.6812655967823258,0.23524385332398834,0.1921794716347749,0.12592161853428008,0.24777515010937298,0.18402608078647067,0.12464081381974806,0.17663512651403446,0.27565449558731736,0.15639852498891293
Streptococcus mutans,4484.0,8.0,0.41327923356086504,0.8583248299432061,0.4355761743488245,0.8306674632728572,0.7611115607290195,0.309902110347708,0.6798262978060763,0.27743762067590666,0.18361092772248533,0.09797617926850828,0.2680144175475245,0.09085142940714487,0.1108854672552599,0.17697523618965788,0.1856664414676126,0.16850960116007566
Bacillus cereus,5075.0,12.0,0.44227633014850043,0.8865028322956586,0.5162750777235406,0.8252850948192637,0.8112174954706348,0.3102278081361115,0.8023806738617022,0.29565063113482587,0.1599763510438801,0.10115548702741367,0.22936408237744613,0.06593384861861183,0.1089351881132237,0.1253032586288999,0.22678783813980874,0.12548148812754248
Lachancea kluyveri,875.0,1.0,0.234375,0.9364708932970308,0.332775114105619,0.888,0.8612407623492804,0.1363636363636363,0.8333333333333334,0.1327433628318584,,,,,,,,
Methanocaldococcus jannaschii,12050.0,24.0,0.3770552621097098,0.8466503639423544,0.39230608215934337,0.8070611303449446,0.7372979415062408,0.28071559036119936,0.6577069648044049,0.24000587585165012,0.1365009684101785,0.08543293158024425,0.17146385881417403,0.0740030271775432,0.1045026496576992,0.12793136971087513,0.2527246330289812,0.09549103098353283
Entamoeba histolytica,5346.0,12.0,0.4802634496733822,0.9026565840693653,0.49430306369841054,0.8224651083506508,0.8272206136164796,0.3477264850279596,0.8370045084192879,0.32311711042220387,0.11442459270350923,0.04220335218510139,0.15413036361263036,0.04902447952832887,0.04989368903751232,0.11278413795383094,0.12120917497015098,0.10303471525043012
Equine herpesvirus 4,664.0,1.0,0.1290322580645161,0.6716145833333333,0.1130827527842675,0.8780120481927711,0.57578125,0.0869565217391304,0.25,0.0689655172413793,,,,,,,,
Plasmodium berghei,647.0,2.0,0.5029314120223211,0.9471326666192021,0.6986631070049771,0.8128539947033693,0.8704101306938009,0.34820601085661324,0.9412955465587044,0.3393579373104145,0.1068876535805052,0.040224464016320606,0.20193630895540754,0.06319824095447606,0.021377513973642525,0.10391745361009767,0.02862780490633807,0.0956274337550058
Yersinia pseudotuberculosis,1866.0,2.0,0.3127886606147475,0.882020648023904,0.306244825296871,0.8878346732150635,0.7223842221598623,0.2431865828092243,0.546195652173913,0.1890011223344556,0.13153379844336488,0.059519291785911484,0.21047893025802605,0.08654448951982302,0.17915314498597243,0.029648083068618353,0.4649995680628927,0.09269368354948236
Francisella tularensis,1776.0,3.0,0.5037968005709942,0.9185438022164786,0.517749620726605,0.8919998755347018,0.829927520194618,0.4002796901893287,0.7622775214238628,0.3624078936655268,0.26318177549041816,0.03104758577767662,0.34041849521163997,0.039229820617499085,0.04619015183248206,0.24333790721842866,0.1278878837775949,0.21924895698844385
Cryptosporidium parvum,7678.0,8.0,0.4200657782113469,0.8525899710566105,0.43878238685964865,0.9069604352094401,0.7570648086262803,0.3407114663827262,0.5998754854809298,0.3011753980497637,0.2786189207573766,0.11587597024627962,0.33374669674536783,0.06663711661890237,0.16541807263782007,0.21484510700678983,0.3707368590158209,0.23213439227600463
Unknown prokaryotic,548.0,2.0,0.1099619334913452,0.4124951694260261,0.0863168796517425,0.6167883211678832,0.4450582380778044,0.07241634769724656,0.22948717948717945,0.05835746460746455,0.034636703639246265,0.030435606883140905,0.015850124320037313,0.010322726732650316,0.03152492564241294,0.024708139162340187,0.05257973501130735,0.019395383879071144
Pyricularia oryzae,1263.0,6.0,0.5443175296312261,0.8416677442506169,0.5923804069379628,0.7504554155497837,0.7665989812274877,0.41466126466126463,0.7942689665471924,0.37491063547275166,0.04263520084433659,0.058346288897037295,0.06843129089654146,0.07236074702219249,0.06472484213919169,0.03336905995954877,0.07639176610752331,0.040359227894826176
Medicago truncatula,4182.0,9.0,0.3665645931047316,0.8549943917588343,0.29677612805754466,0.8107850361710098,0.768056005527887,0.24955343049247108,0.7241738436899727,0.2282436511866656,0.09629889688643294,0.029731429667687492,0.1351609372107696,0.06492597087057589,0.04918651305775893,0.0761335259683838,0.16444990289138117,0.0732907124123072
Rhodobacter capsulatus,3609.0,4.0,0.3581295196572201,0.8607272496360596,0.37924007380083646,0.8241553441668963,0.7399573734281286,0.2556593772860966,0.6524723889742039,0.2290453967391824,0.17864632839528724,0.03373927461588114,0.28061561871477975,0.07439093122560193,0.05945781248606927,0.14668325819070616,0.19792191645669485,0.13386862023558496
Geobacillus kaustophilus,4305.0,8.0,0.3167736926807416,0.8334203100768828,0.36911798664497386,0.8469971387145425,0.7711482163586812,0.21620969762361303,0.6878954378954378,0.19721003050470987,0.15948650696090924,0.19064959477820964,0.20192820099122358,0.04553409123474241,0.14114250854726101,0.12772895484238647,0.267363308528495,0.1091431043379908
Elizabethkingia meningoseptica,874.0,1.0,0.1643835616438356,0.7866279069767441,0.0684640151658485,0.9302059496567504,0.6834717607973422,0.1016949152542373,0.4285714285714285,0.0895522388059701,,,,,,,,
Brucella canis,250.0,1.0,0.7321428571428571,0.9691056910569106,0.906457330709972,0.88,0.8921409214092141,0.6119402985074627,0.9111111111111112,0.5774647887323944,,,,,,,,
Azospirillum brasilense,811.0,3.0,0.38698498847752577,0.8311687337113178,0.3297090421848727,0.7039314271542884,0.7439646844715394,0.2568833254933503,0.8126984126984126,0.2456446083067436,0.137234938727388,0.007883684270635074,0.1393920167555496,0.07909610314918952,0.010052561339214755,0.10306627312422723,0.12646720182248947,0.10103321252555099
Burkholderia cepacia,850.0,3.0,0.4602518693427784,0.9162400879199096,0.6224671189112553,0.7329436461937956,0.8125026659644025,0.30681220117637786,0.93009768009768,0.299611581920904,0.04384416915451533,0.030710294572160172,0.07393854364794743,0.13372519419772785,0.06144672371829444,0.038887511527544764,0.06058045884745192,0.036765156211743456
Methanopyrus kandleri,3641.0,2.0,0.11020254711217625,0.7834527473595542,0.07498828492377729,0.9101553606936345,0.6376862441233433,0.06547619047619045,0.35353535353535354,0.059128739991571796,0.07410348804201332,0.23350479843210253,0.04274393302926156,0.0677983207071413,0.17058855005925563,0.0420896893563421,0.28569970957032226,0.04153097666577121
Vaccinia virus (strain,2793.0,7.0,0.1672430477394695,0.6957408872347945,0.17998444840278874,0.8007741366173707,0.5738686330030157,0.11997074455332093,0.31747365612911826,0.10051924910422623,0.1723833637769537,0.1276738203825697,0.16034158261789777,0.10657704193418326,0.1345517533520077,0.13020142637670773,0.2972829329532547,0.11544072312404456
Brucella abortus,3003.0,7.0,0.38471059195028745,0.8801103222536449,0.48008908493740865,0.8347008252147313,0.7610127770019414,0.2843784322415278,0.6806465725583373,0.24958843447748963,0.17470503946775492,0.055165618460970074,0.24210342675065838,0.08626927959269101,0.11602606917812901,0.14056506096265997,0.3036235989202242,0.12386730252807039
Adeno-associated virus 6,519.0,1.0,0.2117647058823529,0.7453980927034819,0.0874311461114597,0.8709055876685935,0.6921157684630739,0.1343283582089552,0.5,0.1184210526315789,,,,,,,,
Mycobacterium avium,329.0,2.0,0.5123813679502564,0.8879065192539959,0.6002930932502389,0.7143939393939394,0.7997385920572919,0.3558860494344365,0.9252136752136753,0.34487179487179487,0.038105241617339844,0.03760768719574998,0.16277670936060507,0.05035457381176926,0.008513171080314092,0.04413863024582973,0.05137100547081761,0.034448791903960004
Proteus mirabilis,474.0,1.0,0.081967213114754,0.4224558510272795,0.0598790949512541,0.7637130801687764,0.4805194805194805,0.0561797752808988,0.1515151515151515,0.0427350427350427,,,,,,,,
Burkholderia pseudomallei,3869.0,11.0,0.4333055738989522,0.9050304492399369,0.5068480607223544,0.8155290895562831,0.8180867290159355,0.2981756256615003,0.8236122369167592,0.2791216952774312,0.07370190759141299,0.05404163304463336,0.139133136063562,0.06983369499404095,0.06704559463558915,0.06470839920654554,0.12099571301446342,0.05962050691227094
Coxiella burnetii,3356.0,11.0,0.5415090091521206,0.899601899333975,0.6349128431703577,0.8233154827807343,0.816993965622853,0.42280855282879753,0.8060509982616797,0.3779516069950088,0.10694615095502742,0.05677304064167216,0.16701883932693154,0.04608136015267794,0.07010271540488934,0.11711506917880743,0.143330385677277,0.10027642673939997
Corynebacterium glutamicum,3057.0,7.0,0.447674751897902,0.8953110482073544,0.4920033772619788,0.851943558299524,0.8072025550262142,0.3535200878538062,0.7543979526046395,0.31244207423819076,0.2037516216134661,0.0656446339038872,0.23071538616842052,0.06610050739737222,0.08794668818028978,0.22996419945856658,0.1935433624186103,0.21481020899568323
Vibrio cholerae,7725.0,19.0,0.43968649764177054,0.9032109028371623,0.4826497931458384,0.8163670451505434,0.8218783809955951,0.31317579413269264,0.8303924103349244,0.29212916848337767,0.14336436770247069,0.03929671386899067,0.22709333285817662,0.05871776233745063,0.04340093657446944,0.13587162311655443,0.08460177325558828,0.11935703763787235
Nematostella vectensis,735.0,2.0,0.5639730639730639,0.9558714110644257,0.6881213406187082,0.8630364258521339,0.8984370136943667,0.4354553492484527,0.9391534391534393,0.4185144124168514,0.2737955550048922,0.036627314230316996,0.2934572165331767,0.07269351417533942,0.029381629226824312,0.29072029465229415,0.018706528602818677,0.27045658482190565
Hypocrea jecorina,431.0,1.0,0.2736842105263158,0.8979823813583405,0.2110033514643266,0.839907192575406,0.8038505257175333,0.1666666666666666,0.7647058823529411,0.1585365853658536,,,,,,,,
Viscum album,1005.0,2.0,0.23296378418329636,0.8277836911544931,0.12418836727136184,0.8216280451574569,0.7470371066000583,0.1423645320197044,0.6654589371980677,0.13200757575757568,0.03052109092482954,0.044694612424862154,0.04434001611299204,0.024872680597886915,0.024943822178095956,0.02624074426078153,0.08027540752600898,0.019552573873718955
Mycobacteroides abscessus,1603.0,3.0,0.45210531663999426,0.9110452830508659,0.6030240178846594,0.7632305253179039,0.7807762503320461,0.3262719025106205,0.820020964360587,0.31244124119431743,0.22956561966655137,0.0812328749456061,0.3821775281952074,0.13704772422683217,0.09740002468914506,0.207687065593003,0.26423260442844965,0.20640662496123574
Penaeus vannamei,883.0,3.0,0.23712097673748625,0.7607374399697936,0.17885976779560245,0.5394898209467746,0.7171560433787576,0.13620689655172413,0.9271572871572872,0.13471432588064744,0.028989854268189365,0.02042040151056107,0.03096473290094685,0.014011494539697909,0.011505044874224013,0.01941091422275465,0.02251504011993663,0.018838446922470366
Alcaligenes faecalis,1081.0,2.0,0.5984995832175604,0.9556655394473019,0.7506670292551438,0.8739389112714326,0.8496122097472951,0.4702813067150635,0.8253741981468283,0.4329545454545455,0.1273145857762942,0.027932072548296806,0.26880353947962693,0.02841545005630195,0.03884883836157686,0.11646087185604213,0.12398308494076316,0.1301719301729781
Salmonella enteritidis,583.0,2.0,0.35884516707366076,0.7484385664801038,0.29288507631162136,0.6055229958103846,0.7004229660091461,0.2304964539007092,0.8301630434782609,0.2201921309064166,0.0824021688687609,0.027367900483279153,0.09411631502097528,0.028152123531917452,0.021675385628848635,0.06519424223705762,0.02497931563974216,0.061265686823710336
Bothrops pirajai,484.0,2.0,0.3761710100493953,0.7621927357221474,0.3556067766241722,0.7169421487603306,0.7193324263177204,0.26480111008325624,0.7220588235294118,0.24198801459093272,0.20944620890536647,0.1787310322484304,0.32815401499013924,0.11395522506725354,0.10856190435812123,0.17890259450001922,0.10190656552394356,0.16019524393999557
Moritella profunda,483.0,2.0,0.43319761386232364,0.8899519096913403,0.5450041077376803,0.6444099378881988,0.7769861279752928,0.2840194846008799,0.967741935483871,0.2827131782945736,0.15439714396517173,0.045659953009508925,0.26100410063638096,0.028547789302562493,0.01939105494124027,0.1245547928519987,0.04561979233461593,0.12640218894699057
Enterococcus faecalis,6803.0,12.0,0.3758728832834508,0.8555182102323148,0.41322383132531354,0.8245760795689442,0.7481159148455538,0.2707012016219036,0.674411366183155,0.24579903452827112,0.1802299619317235,0.0764412397576989,0.2369493163450156,0.09479988179145607,0.10052873612385338,0.14397131796490784,0.2628555839799502,0.1418124061146976
Desulfovibrio desulfuricans,1014.0,3.0,0.644028950104328,0.9551136845187189,0.7447222281469701,0.8542139077853363,0.8485725182521522,0.5143695608176483,0.8666666666666667,0.48536320818670015,0.14190952480343086,0.017711308089893137,0.17063988855642112,0.05009260752640811,0.07526303218590573,0.10223573382973589,0.23094010767585033,0.14927825216858073
Streptomyces sp.,2581.0,7.0,0.47982396711029623,0.9385997535103108,0.6544008989169839,0.8644088640732501,0.840624513374055,0.3586992501362514,0.8095514680222327,0.3241782838881952,0.13511432463362974,0.030821062311396488,0.1782389834167948,0.016723649036321887,0.04212029371768991,0.13269401766569608,0.0959912556144178,0.11238165865898997
Brassica napus,244.0,1.0,0.7286821705426356,0.9774659863945578,0.924356553395749,0.8565573770491803,0.9028486394557824,0.5802469135802469,0.9791666666666666,0.573170731707317,,,,,,,,
Bacillus licheniformis,845.0,3.0,0.559250197101922,0.9118222092246334,0.6401679434456957,0.7423009216112665,0.7846056150403976,0.41222402600930574,0.8974358974358975,0.38833154218650834,0.01932698379837786,0.029473735169166692,0.14110268982304783,0.17480135829518775,0.0344921289715537,0.023468496197565147,0.17764623667373103,0.018502455423064848
Sporosarcina globispora,217.0,1.0,0.6265060240963856,0.8758932324506095,0.7546545615178101,0.7142857142857143,0.7563577133249264,0.4952380952380952,0.8524590163934426,0.4561403508771929,,,,,,,,
Scheffersomyces stipitis,404.0,1.0,0.6666666666666666,0.964172813487882,0.7343366032196016,0.915841584158416,0.8961714085001756,0.5396825396825397,0.8717948717948718,0.5,,,,,,,,
Thermomyces lanuginosus,269.0,1.0,0.2758620689655172,0.8593837535014005,0.2450478085653711,0.8438661710037175,0.715126050420168,0.1818181818181818,0.5714285714285714,0.16,,,,,,,,
Enterobacteria phage,1332.0,4.0,0.48607366583206735,0.9055479795335541,0.6284042665864665,0.8157013838563345,0.8289570021573769,0.3699150170849535,0.8400162337662338,0.3382525440706558,0.1980991290041766,0.08235425470473898,0.25891809022019824,0.057891804925788125,0.07924410143122848,0.20243400989037927,0.14567915319823657,0.175197662323956
Talaromyces funiculosus,318.0,1.0,0.4941176470588235,0.9296169021254932,0.477659570516429,0.8647798742138365,0.8253150057273768,0.3620689655172414,0.7777777777777778,0.328125,,,,,,,,
Stenotrophomonas maltophilia,532.0,1.0,0.2592592592592592,0.8880812599012207,0.2659632401207565,0.849624060150376,0.7619047619047619,0.160919540229885,0.6666666666666666,0.1489361702127659,,,,,,,,
Alcaligenes xylosoxydans,125.0,1.0,0.3181818181818182,0.8996138996138996,0.5932940486614722,0.52,0.7297297297297297,0.1891891891891892,1.0,0.1891891891891892,,,,,,,,
Coprinopsis cinerea,360.0,1.0,0.4485981308411215,0.8798426909882018,0.5239153904042438,0.8361111111111111,0.7531168939837671,0.3428571428571428,0.6486486486486487,0.2891566265060241,,,,,,,,
Thermovibrio ammonificans,225.0,1.0,0.6666666666666666,0.9516806722689076,0.7639664691917525,0.92,0.8918067226890756,0.5454545454545454,0.8571428571428571,0.5,,,,,,,,
Ralstonia sp.,247.0,1.0,0.6618705035971223,0.9825870646766168,0.933663068844002,0.8097165991902834,0.8830845771144278,0.4946236559139785,1.0,0.4946236559139785,,,,,,,,
Bdellovibrio bacteriovorus,493.0,2.0,0.5068505747126437,0.8665280076593589,0.5418584036429834,0.7663162091832452,0.7630178723586216,0.377079107505071,0.7732758620689655,0.34442788541149194,0.1284821149080109,0.037251929230981355,0.2524239903619788,0.044502082531235984,0.04231070141188245,0.10068741590120817,0.17433839605116602,0.11568496436699933
Bothrops asper,443.0,2.0,0.4664079553723016,0.791331530846082,0.5014991181812765,0.7728609021010648,0.6851053639846743,0.4025316455696203,0.5555555555555556,0.3042491749174917,0.020923363401590775,0.005516115642662866,0.10031225027579917,0.08200298821334065,0.019528970808632296,0.0035802874996787018,0.05237828008789241,0.01779435381698815
Paramecium bursaria chlorella,119.0,1.0,0.4220183486238532,0.8876811594202898,0.680236995638045,0.4705882352941176,0.671875,0.2674418604651162,1.0,0.2674418604651162,,,,,,,,
Bothrops moojeni,244.0,1.0,0.2325581395348837,0.659846547314578,0.157649792981546,0.5942622950819673,0.6202046035805626,0.1415094339622641,0.6521739130434783,0.131578947368421,,,,,,,,
Enterobacter sp.,162.0,1.0,0.1269841269841269,0.5055650684931507,0.1117471209243376,0.6604938271604939,0.4777397260273973,0.0851063829787234,0.25,0.0677966101694915,,,,,,,,
Naja atra,120.0,1.0,0.3454545454545454,0.6054736842105264,0.3306185529104796,0.4,0.5326315789473685,0.2235294117647059,0.76,0.2087912087912088,,,,,,,,
Danio rerio,1776.0,6.0,0.474948099768252,0.893100409908321,0.5940060496588914,0.7664390438431727,0.8073053301303478,0.3330690667099057,0.8787878787878788,0.3185083519818696,0.12373668133061422,0.09290732556408529,0.21851495023419498,0.12855546381208346,0.08043956516682645,0.10856111386088321,0.08483375470898766,0.1050151117087357
Salmonella enterica,1986.0,2.0,0.362236746550472,0.8702372727435467,0.279450468861596,0.874741958949355,0.7674538786181897,0.25197740112994343,0.6501831501831501,0.22166847237269766,0.04642153450926938,0.012110616082580994,0.09142863413401012,0.06263853372387711,0.04441896320479345,0.020773758543333593,0.15799821850688422,0.03462754768107474
Sulfurisphaera tokodaii,1976.0,3.0,0.4011663914120562,0.8864495897797068,0.4082137954683887,0.8492809114394325,0.7911516983258496,0.286211204815856,0.7226905569208117,0.2528881125372353,0.0786311597034386,0.03068019592502241,0.13824551266690072,0.051452125514790885,0.041480418207671184,0.08376411644290344,0.07674996616160866,0.06028357510973585
Modoc virus,482.0,1.0,0.4166666666666667,0.8966741405082213,0.3730841145436563,0.8257261410788381,0.8292227204783259,0.2777777777777778,0.8333333333333334,0.2631578947368421,,,,,,,,
Escherichia phage,10711.0,10.0,0.20120410564046254,0.7399616881353165,0.19888905136192941,0.9476910933102545,0.6117178887477224,0.16625579715252553,0.25585205061949245,0.12171907476083657,0.17960151750560926,0.19171088162409117,0.16612193643216366,0.0165191720456398,0.1148695715307669,0.14840692789632343,0.22952451063164206,0.1098516398319749
Aspergillus flavus,2648.0,3.0,0.21187352287627884,0.8007571491310621,0.15838478611891185,0.8959700083124299,0.6489786059351278,0.16290218790218786,0.39033816425120776,0.11858298171589306,0.020125592807838835,0.03265512364557239,0.03201792993864844,0.11249704249454325,0.06523472881820422,0.0241131849832498,0.24492896549335716,0.012509936290676467
Pseudomonas sp.,9075.0,13.0,0.3294692287305697,0.8817857613331749,0.3632377879578859,0.8457330505087876,0.7705784683662859,0.2380350574979526,0.6929956685105427,0.20281847023740457,0.11752219265845468,0.08543466416846324,0.14995443700122613,0.05718244594790433,0.09695750240689945,0.1099278927290855,0.23955502564479486,0.08647814058990687
Emericella nidulans,2546.0,5.0,0.502300048110361,0.8879943491058091,0.5122521136369944,0.8769617733315929,0.7819860062978635,0.4323112505766863,0.667547900771585,0.3540471123121985,0.19773579258106438,0.061589485949629694,0.28466711224808644,0.05502862644060634,0.06154262309306503,0.2316163085601828,0.1147623295977129,0.17740936801708068
Drosophila lebanonensis,1778.0,4.0,0.4897474450098835,0.9048013251364613,0.5492292006132289,0.8056102362204725,0.8189571639169512,0.3528518209345734,0.8377054988662131,0.3317277672676509,0.12492236785294343,0.037712098439855075,0.2236627701231982,0.02029087414181916,0.02856717792104486,0.1270595789955678,0.044934772927219556,0.1200274217454186
Agrobacterium tumefaciens,2350.0,7.0,0.5131894117652734,0.9711652145921992,0.7162187135866642,0.8674466398304258,0.909716123165356,0.36681135962831085,0.9586660751257025,0.3594714557013285,0.15478844547104906,0.008123423198355446,0.1240920700635608,0.028243644837996233,0.01497771747558392,0.16844872145780304,0.018804779678868205,0.1609668458441948
Amycolatopsis orientalis,777.0,1.0,0.3036649214659686,0.9201771274547554,0.3399382066206026,0.8288288288288288,0.8287061994609164,0.1858974358974359,0.8285714285714286,0.1790123456790123,,,,,,,,
Toxoplasma gondii,6520.0,11.0,0.31452840276315425,0.8699298852952245,0.3751222303927683,0.8160696536293043,0.7631087466022873,0.2068743534912488,0.7111214965233975,0.19775572968698632,0.1704452839104522,0.10340092228086137,0.24860447807123667,0.04908601605324965,0.12177037230834117,0.12430940607034541,0.27490847010874553,0.12185413755329201
Synechococcus elongatus,4020.0,4.0,0.3644954609101681,0.8775907574288258,0.4296852238599508,0.8561952160346569,0.7202578228224983,0.2780533227783867,0.5912450396825397,0.26185406185406185,0.3298441542414803,0.08645218970684278,0.43762866648874627,0.08847005022199884,0.16131333112615537,0.2691797854423795,0.41044581663902846,0.2585496522248817
Geobacter metallireducens,572.0,1.0,0.4186046511627907,0.8905454834605598,0.4202793627050806,0.8251748251748252,0.791030534351145,0.2903225806451613,0.75,0.2647058823529412,,,,,,,,
Moorella thermoacetica,2706.0,3.0,0.17696809531060334,0.7791033932242453,0.2231118130415776,0.8591043939024866,0.623997068561057,0.1179749901595664,0.37489966746932685,0.10715843182221113,0.20604070752210868,0.19839432006396338,0.27010211366838255,0.07322121799277262,0.1887789261296297,0.13792679825414586,0.3950739254023726,0.13384726551007906
Micromonospora chalcea,1215.0,3.0,0.5944946587738994,0.9496317108060838,0.6264244372426441,0.8658436213991769,0.8966993763558605,0.4375854165327849,0.9359675785207701,0.42536288455385024,0.0714687829044263,0.015480991317270433,0.1401421593603759,0.014467815498968651,0.01586318789504336,0.07120984459325819,0.021581260601530754,0.07041866607856936
Lactococcus lactis,739.0,4.0,0.4126965140123035,0.8897435866675447,0.6054246062416052,0.6366865201574494,0.7464089610261647,0.272839005702067,0.897275641025641,0.2633572302457363,0.09390570406457986,0.03215883110506533,0.12692310355662603,0.16494354807102732,0.08548628364407161,0.0808153646203376,0.05988788698252832,0.07575813891353182
Phytolacca americana,1048.0,2.0,0.4030721966205837,0.9218383656081818,0.35305814063334684,0.8874045801526718,0.804990000487781,0.28099502487562183,0.7128205128205127,0.2525301204819277,0.022592659060952643,0.007095441685922376,0.046120048211966067,0.005397761688446937,0.011360294790342387,0.01744900315763819,0.029009508971755773,0.017720266323711053
Corynephage beta,2553.0,3.0,0.1465786999731399,0.721472059351567,0.09741134081219303,0.8375367271671426,0.6226292603315453,0.0919290834613415,0.39157706093189965,0.07978404445795746,0.057231514573250736,0.10477881712428169,0.051171221766130974,0.06825423825184725,0.04055188503930262,0.039710798268741826,0.11645643369677418,0.033934699774255755
Penicillium simplicissimum,2190.0,2.0,0.3073806372798534,0.8898396521222116,0.22635979172222676,0.8602543786488741,0.790178791325921,0.19971264367816088,0.7126984126984127,0.18301741803278684,0.08284011847597263,0.0028598651932466783,0.06651707511659566,0.0060684977301163675,0.015708518576536348,0.07111706132623326,0.042650885214426684,0.05789919767400094
Squalus acanthias,2249.0,2.0,0.05309734513274335,0.6116763453577265,0.04176793431034665,0.9244308485385069,0.5176753393123348,0.0375,0.0909090909090909,0.02803738317757005,0.0750909856127307,0.06990312354090936,0.03168175197726947,0.03711655066226147,0.0490051805733001,0.053033008588991064,0.12856486930664499,0.03965084754317083
Cupriavidus metallidurans,522.0,3.0,0.3469428023883469,0.8100411178857655,0.42428991143302414,0.5977011494252874,0.6926952555344691,0.21994362226920364,0.8216011042097998,0.21007924537336295,0.02612838829469292,0.027747141183342774,0.0878502360718718,0.005747126436781602,0.019217764638960796,0.01747269148150177,0.05478072032246165,0.018956779758921554
Candida glabrata,2347.0,10.0,0.5888832308291783,0.935672216085058,0.7501918261451632,0.8293296476485331,0.8476389200611013,0.4441935909099957,0.8740582037412665,0.4181540653789556,0.036527878185689054,0.01624476253561218,0.0625555509341134,0.011105203268969807,0.020093357561005512,0.030661692441779614,0.046061978215458516,0.035937415267420225
Aneurinibacillus thermoaerophilus,2292.0,6.0,0.36094975914344696,0.826536742582082,0.328633164525323,0.7924136282248474,0.7486182437819332,0.2522533592705947,0.6964056798958459,0.22748851573025405,0.13465706497584734,0.07216391703481147,0.17911554126086354,0.02805529211243437,0.06417866444751716,0.11824317121985937,0.1361050066528524,0.10635167547305883
Aerococcus viridans,2448.0,3.0,0.5173829833297251,0.9431696476946881,0.5808211381505709,0.9051585449577937,0.8267221454301762,0.3995942644843377,0.7433635875664861,0.36852889060404936,0.22262323529051697,0.04044226208651673,0.3588044769551184,0.016875483707452673,0.10943322970238747,0.18953609759716247,0.2439698907278385,0.19590395318350545
Gadus morhua,2012.0,1.0,0.2654028436018957,0.870734219235884,0.1564721080486124,0.922962226640159,0.7408535061143274,0.175,0.5490196078431373,0.1530054644808743,,,,,,,,
Pyrococcus furiosus,7202.0,11.0,0.3920745948469072,0.9009466095328793,0.40624031033215663,0.8774008718737792,0.7804924800475518,0.28223849261403816,0.6752118772154657,0.25104456853296764,0.12648803997565486,0.035268258545201256,0.165870921683575,0.05098250064295847,0.07418266927616766,0.10886630730208886,0.18057124665104116,0.10144545773304045
Human rhinovirus 16,3216.0,4.0,0.3287113028873483,0.841657832129371,0.23193041071161521,0.9210199004975125,0.710748280067967,0.24967848243710308,0.482078853046595,0.19679197280755192,0.01855555626751928,0.01298730610862377,0.01643972392424812,0.006620530440576846,0.014919976459675981,0.01715616894651104,0.02621637784646559,0.013286125951318154
Sinorhizobium sp,3075.0,1.0,0.0,0.8552835257904383,0.0706851888966293,0.9879674796747968,0.5,0.0,0.0,0.0,,,,,,,,
Meleagris gallopavo,3716.0,7.0,0.25502088805233963,0.7813576307725253,0.2641314441246464,0.8345875602840424,0.6734938053038221,0.17700302343159482,0.49801237409933063,0.15521519896669952,0.16657499313918198,0.12551264451803926,0.20723425920106162,0.06932214524002724,0.1568293857921397,0.0984559132046945,0.40423649500288183,0.1109918293406785
Cupriavidus necator,2746.0,5.0,0.4936074294392965,0.9109898234685622,0.5759118263174922,0.841826328396855,0.810869706683089,0.3656402554153563,0.784813925570228,0.3410959215845647,0.17319932872111624,0.03847476296925577,0.2889880206689502,0.04401950341989508,0.08436434173461742,0.14741727416482947,0.22251379408232363,0.1467483925692834
Salmonella typhi,1531.0,2.0,0.32660098522167486,0.9043097978790899,0.37647712539632927,0.8156087602078693,0.804940512414519,0.205503512880562,0.7959183673469388,0.1952850105559465,0.022989678600153718,0.00460075821297459,0.1987550282079125,0.09278479849645305,0.008175354419982106,0.012419908334658284,0.08658450381876086,0.016421199000109802
Daboia russelii,2904.0,22.0,0.33128142384288195,0.9011046001191899,0.6778073070497305,0.42993989481592787,0.6552149515849065,0.20285185846409046,0.9745860389610389,0.20156320988449802,0.086364730134519,0.06282698623607831,0.1783653438604974,0.07671016362171364,0.032665601346861806,0.061871148108781165,0.05615162238258715,0.06159074599773712
Taeniopygia guttata,373.0,1.0,0.1395348837209302,0.6597667638483965,0.1188088922627582,0.8016085790884718,0.5271137026239067,0.1071428571428571,0.2,0.075,,,,,,,,
Burkholderia thailandensis,3509.0,8.0,0.5437165665498097,0.9156113707991546,0.6329867356655865,0.8368477797707569,0.8175715489957661,0.42322211549034056,0.8020648367510316,0.38697434862051416,0.15489591465109795,0.03898946948676406,0.21482059766593045,0.08848537203601489,0.08750700083299223,0.14743883882371728,0.20246169056561067,0.14683605626197602
Weissella confusa,1185.0,1.0,0.1635220125786163,0.7540477882062595,0.1575266259624324,0.8877637130801688,0.594800508544292,0.1160714285714285,0.2765957446808511,0.0890410958904109,,,,,,,,
Enterococcus faecium,4383.0,6.0,0.2212928286795781,0.7535903352587089,0.2093448190942306,0.8464206977337722,0.6301589434418132,0.15986476757071053,0.3940805926100044,0.1305200956754128,0.14034176511321408,0.06483559533377418,0.18676599363857782,0.08139882232116787,0.07791433286063147,0.1089201778850205,0.2255673107508048,0.09313960019729325
Thermosynechococcus vestitus,2379.0,2.0,0.18543046357615894,0.7191570395062943,0.1675045580239845,0.9408086679990081,0.6571704951088586,0.125,0.358974358974359,0.1138211382113821,0.2622382764665342,0.2750529890742158,0.2023547540088556,0.05338294655564002,0.22227264578784198,0.1767766952966369,0.5076664070057264,0.16096739734327908
Yersinia pestis,2581.0,9.0,0.455897514202842,0.8357520811636862,0.4663581561158959,0.7929176125723595,0.7608139040169113,0.3411376166345371,0.7286512178058341,0.3067988957265286,0.1580053166499364,0.08572778300782882,0.2218475234517037,0.0512619497782333,0.09471089948547882,0.13490961516092437,0.22145987087893465,0.12784810734678587
Hordeum vulgare,758.0,1.0,0.4444444444444444,0.9351641208969776,0.3570022223201661,0.9274406332453826,0.7938332791680208,0.3384615384615385,0.6470588235294118,0.2857142857142857,,,,,,,,
Clitoria ternatea,446.0,1.0,0.5,0.9456043956043956,0.4408104570596961,0.8968609865470852,0.8911172161172161,0.3484848484848485,0.8846153846153846,0.3333333333333333,,,,,,,,
Comamonas testosteroni,2792.0,9.0,0.3664849558205137,0.8306022806586837,0.42776587510708936,0.7706315306906314,0.725102469736205,0.2540863454145701,0.6916402769008381,0.24142191238230876,0.210779060857296,0.10327857802878554,0.24465166565846083,0.0831412557254049,0.13661368035961238,0.15052394266758184,0.3766483646590448,0.1495557793898872
Arthrobacter globiformis,1655.0,2.0,0.12927024859663183,0.7361376592097395,0.09567090509272991,0.8561918405972346,0.5694131151228483,0.08660377358490565,0.2572944297082228,0.0695030258573262,0.05126098878850355,0.023561825852412687,0.021815252947370353,0.003540924289365426,0.035056047165816194,0.03762341741407666,0.07127336255991729,0.029306094360564788
Acetobacter aceti,4483.0,5.0,0.4033952497220656,0.8882490671041028,0.4786434503740152,0.8691641383593524,0.760413550927315,0.29573256573777673,0.6457648029165713,0.27626246484522454,0.2560583227979169,0.0970400459277308,0.3242539625210523,0.09133375631844216,0.1701530039696759,0.19482992702924976,0.3788868031484792,0.18472563356338204
Prosthecobacter dejongeii,939.0,1.0,0.1538461538461538,0.7766951566951568,0.0978393870215734,0.8828541001064962,0.5832051282051283,0.1098901098901098,0.2564102564102564,0.0833333333333333,,,,,,,,
Anaplasma phagocytophilum,624.0,3.0,0.46987969602111557,0.8879566313547502,0.5877438912371648,0.7027055739434007,0.7836555025041608,0.3218171830366952,0.8958333333333334,0.30814296814296815,0.05290783813798166,0.05588755542451017,0.017421795061876817,0.05418583401808557,0.049298926036605954,0.054344709627931094,0.09547032697824667,0.045824187842934905
Dictyostelium discoideum,5693.0,14.0,0.5190561789813121,0.9112279140744107,0.6482568771753865,0.8482056059488946,0.8297550491366765,0.39501035971784876,0.8165818964674801,0.37674650696252604,0.21758838882085796,0.0918776145738964,0.34423359647066926,0.07386669923813803,0.11251120448569231,0.19576230834781214,0.2073408002050385,0.19360459545459865
Xenopus tropicalis,550.0,2.0,0.34946236559139787,0.7855914382009743,0.2506747177713474,0.7373814910579617,0.7376621445564744,0.22916666666666666,0.7380952380952381,0.2118421052631579,0.022809896167308004,0.1407619733560767,0.03691787314913116,0.10396724624265685,0.10266913558734383,0.009820927516479831,0.10101525445522111,0.0167472658702077
Plasmodium vivax,3896.0,6.0,0.3868782877006243,0.8431544597612786,0.4002206554013959,0.8267144214505895,0.7236223339161869,0.2887874379422798,0.6046842692191529,0.2516246549513252,0.1676891690653256,0.08930286308757869,0.2673344210353574,0.07535545784448663,0.10885446241278221,0.13253253577575466,0.2344760657168749,0.1363332149725776
Paracoccus denitrificans,5798.0,7.0,0.25567710344884254,0.9070131666919445,0.2357480833924857,0.8855196453925542,0.8254878162561479,0.1637828870945002,0.759992755995679,0.14802217706323142,0.06875165492283906,0.04826213392285753,0.05802802522922683,0.02499497821496652,0.13139104429317466,0.018272856587334914,0.29989947659453237,0.042805938258373574
Chondrus crispus,173.0,1.0,0.5904761904761905,0.9490248226950356,0.8573520398267862,0.7514450867052023,0.835438829787234,0.4246575342465753,0.96875,0.4189189189189189,,,,,,,,
Flavobacterium sp.,597.0,1.0,0.3880597014925373,0.8700179533213644,0.4263089261641551,0.8626465661641541,0.7639587073608618,0.2765957446808511,0.65,0.2407407407407407,,,,,,,,
Camelus dromedarius,2052.0,4.0,0.30069580301376087,0.8374482763773339,0.3529573790561804,0.7680311890838206,0.7697347759578372,0.19185936453899366,0.7702991452991452,0.17966422231975224,0.09380287395839047,0.04559567560529809,0.1317701746603097,0.01807722903605401,0.04307472287306348,0.07285961883977517,0.08126683869972913,0.06557826524462093
Mesorhizobium japonicum,2135.0,4.0,0.3229325022803283,0.7603847308456348,0.39444574889855016,0.7603885395786945,0.65219616613207,0.24580859544963293,0.5477920227920228,0.21385771870574138,0.26153250115922894,0.1008741089021025,0.2874790364787456,0.1866815532163453,0.13286180834103253,0.21692096699200453,0.4002854325715555,0.18257429309898524
Trichinella spiralis,568.0,1.0,0.3846153846153846,0.932010582010582,0.3340040959067458,0.8591549295774648,0.8751322751322752,0.2450980392156862,0.8928571428571429,0.238095238095238,,,,,,,,
Streptococcus pyogenes,3951.0,7.0,0.4373912375070392,0.8889247270834274,0.42143862022246686,0.8672440212596727,0.7657828794526381,0.33052767356759866,0.6531059131091336,0.2886273802183287,0.14336351397543362,0.041614162159042796,0.23824112158622243,0.04167064106155354,0.09532115621771087,0.10345915786242475,0.237049673665722,0.11092763130537085
Biomphalaria glabrata,467.0,1.0,0.3418803418803419,0.871031746031746,0.2768990222706537,0.8351177730192719,0.7139550264550265,0.2439024390243902,0.5714285714285714,0.2061855670103092,,,,,,,,
Oceanimonas doudoroffii,487.0,1.0,0.5652173913043478,0.9238654365855932,0.654837583813832,0.8767967145790554,0.8408815581026932,0.4382022471910112,0.7959183673469388,0.3939393939393939,,,,,,,,
Yersinia enterocolitica,956.0,2.0,0.471970802919708,0.9215665415593708,0.6499119321147337,0.8668793557668952,0.8131227742136797,0.34287925696594423,0.7574404761904763,0.3159416645712848,0.15835062807885603,0.055938674068355,0.20506842176761095,0.03690706065366151,0.10754017291914339,0.11055384659418152,0.27568746528404087,0.13637186350768968
Thermoanaerobacter brockii,1408.0,1.0,0.1967213114754098,0.8034773284313725,0.1378737826967306,0.8955965909090909,0.6444852941176471,0.1333333333333333,0.375,0.109090909090909,,,,,,,,
Ocimum basilicum,1860.0,3.0,0.3717472040336362,0.8944713611499363,0.3607794468622925,0.8107526881720429,0.8171705859858992,0.2424653833164471,0.8255629838142152,0.23227972744101777,0.11544086723933503,0.03957396144142725,0.15067931769996848,0.024157679503936574,0.05351514679818181,0.08644502852475945,0.08784593288712557,0.08397884266243578
Streptomyces lividans,1108.0,2.0,0.32453375361176773,0.9268186363572344,0.4749811517611889,0.8427060768441454,0.805989335086658,0.20737302603499785,0.7644927536231885,0.1938049784765113,0.022474368406507073,0.012649065827031254,0.1359626079772755,0.0012294354592515381,0.046229217789052576,0.02542626816686579,0.0973552814677131,0.016013460700649865
Synechococcus phage,149.0,1.0,0.5217391304347826,0.938,0.7562748473018861,0.7046979865771812,0.8240000000000001,0.3529411764705882,1.0,0.3529411764705882,,,,,,,,
Salmo salar,662.0,1.0,0.1454545454545454,0.7295639282245284,0.0908853955363098,0.7870090634441088,0.5968764378099279,0.0895522388059701,0.3870967741935484,0.0784313725490196,,,,,,,,
Streptomyces coelicolor,8711.0,15.0,0.33159690932099495,0.8719982332040438,0.3882213983167014,0.802907772331895,0.7825332408884894,0.22030604503523313,0.7680913238666862,0.211924628005085,0.1799807579938706,0.09464769673340132,0.21157486199738748,0.11878434177941813,0.14543912148654956,0.13800097392515287,0.3262307381224696,0.13230834384308832
Clostridium botulinum,2112.0,2.0,0.08846447669977076,0.7663000990450954,0.09353574457940356,0.9248795648795649,0.5299740139952354,0.07994579945799456,0.10085227272727271,0.0467704149933065,0.05855643627243831,0.05276495674560043,0.0028559948634227115,0.03261372069248901,0.045558509523310725,0.044074406415421694,0.07834421723373684,0.03206591996344621
Rhodnius prolixus,378.0,2.0,0.36099290780141846,0.8540886825036506,0.4264096073233187,0.7273083818915285,0.7604315368233835,0.25356125356125353,0.7948717948717949,0.2253446447507953,0.14944526297417815,0.012493900065830562,0.23681014808137166,0.15237184448921237,0.0009156484806266739,0.14907664332707843,0.1813094310734739,0.11172737051622013
Aeromonas caviae,682.0,1.0,0.2666666666666666,0.892394684761097,0.3271381123394003,0.8548387096774194,0.7646310432569974,0.1666666666666666,0.6666666666666666,0.1538461538461538,,,,,,,,
Leptospira interrogans,692.0,1.0,0.1269841269841269,0.7253787878787878,0.1246157367386867,0.9205202312138728,0.5420454545454545,0.1290322580645161,0.125,0.0677966101694915,,,,,,,,
Methanothermobacter marburgensis,9000.0,4.0,0.204178972883785,0.9164748322513833,0.1610347950077558,0.9558894688485435,0.6838005165057504,0.13838216869699027,0.4035213752772736,0.11455260052663124,0.05686591087340083,0.05086249336885246,0.03683868806934589,0.015721082555233936,0.040799213096260355,0.04566451675091606,0.07055253038473369,0.03604314666538085
Listeria monocytogenes,1152.0,4.0,0.6503371161548732,0.9466654528861693,0.7397938903187219,0.8437407717455456,0.8751835902787062,0.5093355941803589,0.9221122871606074,0.4852581984388915,0.07469868701352088,0.018640859029467678,0.12985870444467867,0.054086703156662495,0.017560036235205842,0.09690921165741448,0.05598666268956375,0.08216352862514166
Acanthopagrus schlegelii,509.0,1.0,0.6618705035971223,0.9535062933470332,0.7381013385586145,0.9076620825147348,0.9051288637725832,0.5227272727272727,0.9019607843137256,0.4946236559139785,,,,,,,,
Vigna radiata,754.0,2.0,0.34467967344679673,0.8101340381438675,0.3589159904751572,0.8208493617765344,0.7120343282707603,0.24487179487179486,0.6014492753623188,0.2267227235438884,0.2874608721635639,0.12789996304895,0.41263531062860576,0.05367594533705365,0.1505702016869238,0.21938441159890326,0.37917320150582984,0.21303114470119738
Trichomonas vaginalis,2420.0,3.0,0.40036976001897195,0.8925765307729052,0.4196019727706573,0.9058259899693472,0.774377517626875,0.2971062226613737,0.6346843121036669,0.268622913549315,0.232767911204752,0.06077727646249398,0.32624099881116597,0.02427134971083195,0.1261749667647521,0.19515155632807055,0.28218263817175226,0.18961171353117498
Pasteurella multocida,1746.0,4.0,0.4441623593797507,0.9019420881341178,0.47714406970938134,0.8219852718118974,0.8154107457394262,0.30752935689201055,0.8136335784313725,0.2878732440032483,0.07667439053519579,0.06788912127825981,0.20069180589495247,0.09507835334315283,0.04577069583382608,0.06919856769037103,0.05212040923730188,0.06476032511235774
Staphylococcus phage,613.0,1.0,0.3466666666666667,0.869803791153974,0.352504437961493,0.9200652528548124,0.6830451169493404,0.2954545454545454,0.4193548387096774,0.2096774193548387,,,,,,,,
Neomoorella thermoacetica,550.0,1.0,0.3134328358208955,0.8908009347779902,0.3182269495297618,0.8327272727272728,0.8066709156575314,0.1962616822429906,0.7777777777777778,0.1858407079646017,,,,,,,,
Psychrobacter sp.,796.0,1.0,0.4625,0.9547810181892082,0.4485035992659921,0.8919597989949749,0.918876807912475,0.3057851239669421,0.9487179487179488,0.3008130081300813,,,,,,,,
Rhodoblastus acidophilus,267.0,1.0,0.2557077625570776,0.5681452539646059,0.2281341621771148,0.3895131086142322,0.5343599172603999,0.154696132596685,0.7368421052631579,0.1465968586387434,,,,,,,,
Drosophila melanogaster,18970.0,28.0,0.3734204076190033,0.8705791423776824,0.41908740509442055,0.8867219478642168,0.745134376327945,0.28923361642370243,0.5888524740413175,0.2448214616848652,0.17991930820872795,0.1071126475062552,0.2538911746827782,0.05494850868247683,0.12886393051312311,0.16588026444676165,0.2756955102129093,0.14542326889528656
Mentha piperita,574.0,2.0,0.4145299145299145,0.9344970252020095,0.5852803937942141,0.8207581556406052,0.876328805156825,0.26580796252927397,0.9411764705882353,0.26190476190476186,0.042305533917143874,0.01563755382727537,0.026641204676164196,0.010180688119871918,0.032440070892945864,0.028151792225225535,0.08318903308077032,0.033671751485073745
Manihot esculenta,520.0,1.0,0.2474226804123711,0.8604828705029106,0.3334283609224207,0.8596153846153847,0.7215860292012597,0.1578947368421052,0.5714285714285714,0.1411764705882353,,,,,,,,
Acanthamoeba polyphaga mimivirus,260.0,2.0,0.46372732958098806,0.8338855848201643,0.5039801783164833,0.6695070714243446,0.7455415301209694,0.3179156908665105,0.8593073593073594,0.30318302387267904,0.06942824555740335,0.007789989744592661,0.016452236435611244,0.050797540230810685,0.057671099251283026,0.05547559056147385,0.0704045712869723,0.0588943048521422
Vaucheria frigida,130.0,1.0,0.576271186440678,0.931985294117647,0.8659392814375328,0.6153846153846154,0.7395833333333334,0.4047619047619047,1.0,0.4047619047619047,,,,,,,,
Leishmania braziliensis,304.0,1.0,0.6984126984126984,0.9637858072916666,0.845880400907507,0.875,0.8919270833333333,0.5641025641025641,0.9166666666666666,0.5365853658536586,,,,,,,,
Picosynechococcus sp.,1037.0,2.0,0.4354413702239789,0.8886176494152838,0.41388589634143924,0.8350475520880583,0.7990470180567687,0.31021739130434783,0.7554347826086957,0.2810140237324703,0.10154761416249503,0.017698470120471828,0.24803128315763423,0.02098986041556276,0.01606998381247202,0.09930238709706735,0.007685943273766855,0.08314416305213987
Solanum lycopersicum,4955.0,6.0,0.353138574104551,0.9042302172730029,0.3479469224789342,0.8902887632056937,0.7670958528317241,0.25970485170518287,0.63489898989899,0.22691466075467973,0.172023499571867,0.051174669971895584,0.24560530724285143,0.04176993109297042,0.1215934466310368,0.14363556256084406,0.2698018465927441,0.14398280013723222
Pyrobaculum aerophilum,3307.0,6.0,0.3991493282436962,0.7978553667539144,0.38780000505031537,0.889489150860323,0.7050859899947314,0.3387303478721389,0.5021699291209273,0.28040683358267837,0.2776995185714849,0.17470306391813084,0.32780497629788674,0.03898136911080095,0.15395920268935803,0.24455348367276636,0.30667474557779933,0.21647251943643003
Methylorubrum extorquens,2020.0,3.0,0.29880786345221494,0.8177937328179872,0.3475332962717459,0.8428783941056764,0.7099593163377976,0.2150247753422356,0.5627111906181673,0.1880560884260528,0.21107733794752145,0.11117730991321169,0.29148429151713806,0.05837563141786446,0.15965873688278215,0.15125719070214147,0.3985045329778143,0.15039152924480945
Anopheles dirus,434.0,1.0,0.4,0.8800725459079574,0.3996476669139337,0.847926267281106,0.7647547797173733,0.2857142857142857,0.6666666666666666,0.25,,,,,,,,
Antarctic bacterium,377.0,1.0,0.3738317757009345,0.8753439153439153,0.4477208364270477,0.8222811671087533,0.7846560846560846,0.25,0.7407407407407407,0.2298850574712643,,,,,,,,
Dinoroseobacter shibae,119.0,1.0,0.5656565656565656,0.8069204152249135,0.7117339844754428,0.6386554621848739,0.6941176470588235,0.4307692307692308,0.8235294117647058,0.3943661971830985,,,,,,,,
Rhodococcus rhodochrous,392.0,1.0,0.1684210526315789,0.986328125,0.5626262626262626,0.798469387755102,0.8971354166666667,0.0919540229885057,1.0,0.0919540229885057,,,,,,,,
Clostridioides difficile,1420.0,4.0,0.30573593073593075,0.7581456800382269,0.26754834142524975,0.7384093593187828,0.6689103033964152,0.2120427854744137,0.5833701348407231,0.18451728669525908,0.11618794123294113,0.12050639698850452,0.12990225242080633,0.08393734461537591,0.11819306892005305,0.09165892522443633,0.23115947683855922,0.07908521186359312
Chrysanthemum morifolium,880.0,1.0,0.2840909090909091,0.7646752163486602,0.2619956940053071,0.8568181818181818,0.7087894901470129,0.1923076923076923,0.5434782608695652,0.1655629139072847,,,,,,,,
Rhodococcus opacus,528.0,2.0,0.3351161154116819,0.8488783146528156,0.3938212553070379,0.6900275735294117,0.7836534080554036,0.20671752489934303,0.8958333333333333,0.20360195360195354,0.10330427007341815,0.13341977030955104,0.2803894870593641,0.11795944925124853,0.1321798043791283,0.07027613485409852,0.14731391274719743,0.07468221803740709
Phytophthora cryptogea,98.0,1.0,0.6990291262135923,0.8412280701754385,0.7700879119835512,0.6836734693877551,0.7320175438596491,0.5538461538461539,0.9473684210526316,0.5373134328358209,,,,,,,,
Acinetobacter baylyi,2633.0,5.0,0.2903656191338607,0.8441113966157765,0.2669179373123699,0.8103714351573835,0.765806931920076,0.18924522200362398,0.7175905395417591,0.17713368524172426,0.14933350155398267,0.10689466208727003,0.17016067864105966,0.03912492535802137,0.12655348440026337,0.1123418912257844,0.235819075286823,0.1048277551939538
Rickettsia felis,323.0,1.0,0.303030303030303,0.866917502787068,0.3816946305568697,0.7151702786377709,0.7695094760312151,0.1851851851851851,0.8333333333333334,0.1785714285714285,,,,,,,,
Spodoptera frugiperda,2385.0,4.0,0.2983418955144469,0.8358708073455361,0.24140985738410897,0.8484612641670559,0.7298615068777289,0.19857049171178207,0.6014663351436236,0.1781148990405113,0.09342549092607781,0.029572315571896705,0.12531256282228936,0.046499849704442,0.050620027391939125,0.06601750459735008,0.15446832070208372,0.0677936065142281
Bradyrhizobium diazoefficiens,476.0,2.0,0.4488888888888889,0.7889530130800374,0.4075938835607677,0.7280979092299846,0.7110870510225267,0.34638619201725995,0.6947916666666667,0.29965243296921545,0.19484720192695976,0.017871733014846004,0.25437288148624887,0.02906313440266997,0.006029960797859831,0.20152924659059965,0.054506147716463005,0.16325951005548395
Rauvolfia serpentina,3100.0,6.0,0.5557024097448761,0.9359843842779103,0.6115433781656814,0.9313080060839379,0.8019913034173373,0.5059303045987829,0.6566735213474344,0.3969671390702978,0.1546683132403884,0.05806604613764023,0.23921274346479404,0.04348008338817847,0.062185521799387265,0.1947480137576417,0.12647410588479446,0.13709961227614
Thermococcus litoralis,467.0,1.0,0.4827586206896552,0.9344012204424104,0.5123386287332916,0.8715203426124197,0.9003051106025934,0.3255813953488372,0.9333333333333332,0.3181818181818182,,,,,,,,
Pyrobaculum calidifontis,279.0,1.0,0.6611570247933884,0.9326366859488712,0.7674246346077199,0.8530465949820788,0.8596753125583131,0.5333333333333333,0.8695652173913043,0.4938271604938271,,,,,,,,
Gluconobacter frateurii,263.0,1.0,0.6666666666666666,0.9570847206807253,0.9015842402837,0.8136882129277566,0.8695431002589715,0.5104166666666666,0.9607843137254902,0.5,,,,,,,,
Streptomyces antibioticus,394.0,1.0,0.3220338983050847,0.984280701754386,0.7367633669407123,0.7969543147208121,0.8933333333333333,0.1919191919191919,1.0,0.1919191919191919,,,,,,,,
Citrobacter braakii,153.0,1.0,0.5825242718446602,0.9392953929539296,0.7264635531727397,0.7189542483660131,0.8252032520325203,0.410958904109589,1.0,0.410958904109589,,,,,,,,
Geobacter sulfurreducens,1137.0,3.0,0.35768293568088255,0.8809990581129892,0.4797796006913879,0.7503180844378093,0.7836741051826376,0.2441529923743362,0.8269307723089235,0.23436077634550911,0.2415833758542179,0.09983512450897598,0.36340175957849685,0.09857176584587574,0.09250690367047408,0.17519860033357226,0.13093537533821928,0.16909822417523507
Priestia megaterium,2002.0,4.0,0.49202661992922403,0.9115357096575591,0.6043123062032237,0.842343254985536,0.7962338479150652,0.3730244553833263,0.752891156462585,0.342126200762791,0.19508673408530566,0.05427641846268931,0.3401331747776616,0.05164695160952762,0.08367029203367411,0.16597140605827823,0.20943351044724273,0.1640398982252186
Strongylocentrotus purpuratus,192.0,1.0,0.3247863247863248,0.7264670658682634,0.346559656764343,0.5885416666666666,0.661437125748503,0.2065217391304347,0.76,0.1938775510204081,,,,,,,,
Rhodopseudomonas palustris,1071.0,3.0,0.39863777109367343,0.9082069016762414,0.5389905833336691,0.762626448695151,0.8209458466062239,0.2626288326506483,0.9143939393939394,0.2551676353679551,0.1352266804557334,0.0534535869433115,0.1468227557633963,0.1192717047199422,0.09501412462054003,0.11562516915344274,0.0913719278613619,0.11071358286204501
Feline immunodeficiency virus,450.0,3.0,0.5214012141954937,0.9117172187784149,0.8306925604810962,0.6943610408765276,0.7626959219053052,0.39079230562281403,0.8638673318551368,0.37082878135509717,0.20040733519189996,0.08925398200084698,0.1118390141618793,0.17086724080361598,0.13804228867252794,0.21005328763947276,0.11841465546781355,0.20139692178578464
Nitratidesulfovibrio vulgaris,2957.0,4.0,0.39338719162162916,0.77697773105811,0.36634837951970317,0.8307248226870984,0.7436917361373118,0.28928217821782176,0.670217803030303,0.28053221288515406,0.30980931421257457,0.1951519312544552,0.29069826571652846,0.12706990374790908,0.17270495800001198,0.25469339948084746,0.4503411776471552,0.2501003206614405
Coturnix japonica,157.0,1.0,0.4098360655737705,0.7391076115485564,0.4832009891975795,0.5414012738853503,0.6528871391076115,0.2717391304347826,0.8333333333333334,0.2577319587628865,,,,,,,,
Podospora anserina,1512.0,2.0,0.42165242165242167,0.8632220108008798,0.46646801713856645,0.8571084627422656,0.7343743600722936,0.32580409356725143,0.6026867030965392,0.27907647907647903,0.21555676805401877,0.054749886672255756,0.3822077796578372,0.07592864437443118,0.13102100618020615,0.14814093822226945,0.3654673026624461,0.17468496528013994
Methanococcus maripaludis,191.0,1.0,0.6573426573426573,0.9120567375886524,0.8391423022484575,0.743455497382199,0.8068794326241134,0.5053763440860215,0.94,0.4895833333333333,,,,,,,,
Dengue virus type,3019.0,7.0,0.5412561066418085,0.9185396647167572,0.5759259245695079,0.8922660876177423,0.8164754912957319,0.44162045780744336,0.7292750803203765,0.39828032176996164,0.22188835414789235,0.04643883340235073,0.2858317064353946,0.044101855456028856,0.110092975865785,0.21462328399083966,0.20721690262683948,0.2099461064401315
Astacus astacus,200.0,1.0,0.5094339622641509,0.9070588235294118,0.6711819303684886,0.74,0.8058823529411765,0.3552631578947368,0.9,0.3417721518987341,,,,,,,,
Chromobacterium violaceum,1973.0,3.0,0.34591212330342763,0.9391913981800065,0.48190689164085404,0.8462830042813657,0.8375827949424629,0.23485186537395367,0.823355119825708,0.212605842794522,0.10727336165900087,0.020052542242040883,0.04546194067359698,0.016619610472355526,0.06552005045688973,0.1137404363147156,0.16092800494232276,0.08052982744940394
Levilactobacillus brevis,251.0,1.0,0.247191011235955,0.8177966101694916,0.2344585236385431,0.7330677290836654,0.7331920903954803,0.1486486486486486,0.7333333333333333,0.141025641025641,,,,,,,,
Clostridium aminobutyricum,1960.0,1.0,0.1437908496732026,0.835711981938397,0.1046343049634717,0.9331632653061224,0.5821843251088534,0.1089108910891089,0.2115384615384615,0.0774647887323943,,,,,,,,
Leifsonia aquatica,2064.0,1.0,0.1568627450980392,0.8419119231266428,0.1219422449102528,0.9583333333333334,0.5750635584091006,0.1428571428571428,0.1739130434782608,0.0851063829787234,,,,,,,,
Oxalobacter formigenes,7269.0,7.0,0.28473762291650356,0.8645546474431184,0.1915999244054043,0.8563053828895739,0.734265634504048,0.18855844110788095,0.5982810039150033,0.16644226129426754,0.036028380459913106,0.03206766080368565,0.04102816549177233,0.010899831765884344,0.05324940633718313,0.029882258040760782,0.10288058486035088,0.024436480575004527
Candida tenuis,2550.0,2.0,0.2737203495630462,0.7565070361101178,0.19038102355668357,0.954113620369778,0.6171496288847848,0.30284857571214396,0.25581395348837205,0.15856723921240046,0.005738070009628677,0.07290583256597688,0.03510174919856512,0.007260612781040186,0.012127368061724804,0.05936728597668167,0.0328886874970487,0.003851021430844185
Bacteroides thetaiotaomicron,2423.0,3.0,0.36386458970244256,0.9020304092272845,0.4034918477261615,0.9161825274005553,0.7397712143657325,0.30160191959985805,0.547514619883041,0.22498328264198966,0.09072866870912513,0.026732689762630785,0.10351751017768457,0.035717940406427486,0.0444742368819286,0.1530333710626031,0.12020131407094034,0.07007781401102128
Candida tropicalis,2520.0,3.0,0.23622515218833842,0.7922727592477914,0.17977762492954175,0.8806390977443609,0.6576027886109844,0.16622437971952533,0.4140056022408963,0.13690629526556497,0.11030053068903015,0.11881005551723421,0.10859490269986248,0.02725410491928912,0.0841492169637784,0.0788984573534628,0.1920702779994707,0.07139745444329296
Desulfococcus multivorans,1561.0,2.0,0.473030723030723,0.8958751900618832,0.45390036680736073,0.8971692132817453,0.7789298258472664,0.37334675100632553,0.6453488372093024,0.316389525042318,0.1529696236038813,0.03649166739819766,0.31038288870090386,0.031804116400407464,0.08336470327056346,0.12178176018710235,0.2055542968565545,0.1318740417367722
Vitis vinifera,1829.0,4.0,0.4683583583583584,0.916819527088377,0.5253715986398816,0.8480128240762105,0.8365049983680308,0.3289733935742972,0.8264468864468865,0.30851081408240727,0.08023112465263108,0.029915855628815345,0.19937482142659593,0.03352186261941911,0.027235130889102052,0.06848840388084472,0.09935032963186653,0.06931417115076649
Blastochloris viridis,6114.0,6.0,0.07702027499928778,0.7334309271711269,0.052378276023401456,0.8762301663855375,0.5539686969909584,0.04720317590623988,0.21434148245742446,0.040300323414689955,0.03255270495932059,0.02921261955162943,0.007948622106367861,0.017251031366276377,0.04871761232304717,0.018636133841671586,0.11239948950088764,0.0175644065975953
Limnospira platensis,1757.0,3.0,0.2252603040004614,0.7686102804028834,0.17016731949462194,0.8035271117159826,0.6879130056968593,0.1430883858220857,0.560290404040404,0.12797619047619044,0.06661377500022485,0.020928307804205622,0.07669585356379646,0.04967333327992411,0.024256493273284645,0.047881855466128276,0.09978892103382922,0.041984333272815116
Plesiomonas shigelloides,1344.0,3.0,0.5460633120718166,0.912304154714802,0.5487949900512696,0.8461055166043412,0.8210686221537916,0.4188593813593813,0.7888671897305878,0.37594175056493495,0.0290128269933397,0.025653808984088224,0.02089956765248917,0.033268890385705845,0.01848503475906213,0.039380839625349245,0.02024472829057534,0.027516745468839972
Mesembryanthemum crystallinum,225.0,1.0,0.509090909090909,0.8728056667693256,0.5823047798867997,0.76,0.7861102556205728,0.3684210526315789,0.8235294117647058,0.3414634146341463,,,,,,,,
Gluconobacter oxydans,2622.0,2.0,0.26997518610421833,0.8582672195352798,0.2780377976755207,0.926536332671019,0.6684039121321306,0.2229885057471264,0.39435922810489854,0.17829981409498055,0.33618277735817,0.07092885537266717,0.2896880271693004,0.06309869268677845,0.22798367369218048,0.22107246492269075,0.5276185185696753,0.22897018637036085
Bacteroides fragilis,2834.0,3.0,0.19212646298829603,0.8551152760744264,0.23569489249438705,0.846281117985229,0.6600272860689463,0.1407378740970072,0.4646464646464646,0.10790224716406453,0.08606299470795237,0.0567511034403863,0.14339829417668523,0.11587435241679173,0.11294734949067864,0.015934897434513002,0.34488371790712136,0.051367227068745774
Streptomyces avermitilis,1187.0,3.0,0.44384774825701895,0.8691491628743225,0.47327373184751204,0.8347145576557002,0.7807477715071357,0.34127624167946746,0.7126532887402451,0.29399181255988155,0.15826746619932253,0.06339923393765624,0.22236250791055132,0.0446019030959965,0.03210856775103504,0.17115259866947688,0.032386401787505695,0.12955718916803244
Pelophylax perezi,744.0,1.0,0.4489795918367347,0.9002147074610843,0.3840086195548674,0.8548387096774194,0.8363929146537842,0.3098591549295774,0.8148148148148148,0.2894736842105263,,,,,,,,
Geobacillus thermodenitrificans,433.0,1.0,0.5161290322580645,0.938707528314457,0.5306488556109975,0.8614318706697459,0.8526982011992006,0.3720930232558139,0.8421052631578947,0.3478260869565217,,,,,,,,
Streptomyces natalensis,391.0,1.0,0.6099290780141844,0.9490044958253052,0.7132272363539118,0.8593350383631714,0.9011881824020552,0.4479166666666667,0.9555555555555556,0.4387755102040816,,,,,,,,
Methylophilus methylotrophus,2916.0,2.0,0.15494849977608594,0.8236154081630791,0.089256882770004,0.8806584362139918,0.6483314786945424,0.0959415584415584,0.40275994865211806,0.08421052631578946,0.03799946876058474,0.060208581029807584,0.03293840360582219,0.0029099044493273427,0.043557740776400164,0.024258966410837246,0.08577867884740537,0.022329687826943646
Aromatoleum aromaticum,728.0,2.0,0.5438596491228069,0.9256167059834701,0.6050650225781146,0.8249327956989247,0.8618224808980276,0.39409742799573305,0.9094028826355525,0.3833333333333333,0.17367534976511698,0.0673525608147848,0.28300529316615797,0.07650819339451218,0.07810448409720702,0.1617537143167046,0.08250387975409272,0.16499158227686112
Lacticaseibacillus casei,4888.0,18.0,0.5227923805857055,0.9232185541347047,0.610782567587305,0.828178880497541,0.8308145694035457,0.3806317396835184,0.8482164245889536,0.3568959379089946,0.07172609107390447,0.033550915918014554,0.14371263065844692,0.09215404137812867,0.05734932563504762,0.06513589913736789,0.10968786746430025,0.06528717345827918
Bjerkandera adusta,438.0,1.0,0.0842105263157894,0.701381751741464,0.0789681158779782,0.8013698630136986,0.5113052415210688,0.054054054054054,0.1904761904761904,0.0439560439560439,,,,,,,,
Burkholderia cenocepacia,1139.0,4.0,0.5974961458591694,0.924495620326738,0.7009574648989821,0.8529240254767779,0.8342382512331983,0.4910737214762638,0.8121591086177342,0.4395972252979339,0.16308476286317047,0.05432684178821152,0.24409961684050008,0.04560571127665693,0.07036255708170168,0.19406826258739387,0.1474778144950755,0.15609333614363333
Vibrio harveyi,2470.0,2.0,0.26974045801526714,0.8012638581460223,0.22565415323334584,0.8908663205710579,0.6869436426050701,0.1894079555966697,0.47187758478081054,0.16558334704623984,0.22307869506013459,0.10146857099718858,0.2609178825826691,0.07623996865291692,0.13579450478542113,0.16254952370477066,0.34799713383457054,0.15027619020938393
Enterobacter cloacae,14262.0,17.0,0.38209994175283285,0.9201284042739782,0.3942534717689177,0.9043530668106997,0.7986051522391838,0.27931633367321757,0.6875016932299949,0.2588845331488717,0.21809075817799214,0.05498701138125893,0.24942937336160925,0.04128021945029523,0.14876615498989018,0.1854596711484393,0.32608185730294886,0.18115131216267888
Arthrobacter sp.,1572.0,2.0,0.19999999999999996,0.8441759117897052,0.11090709304027199,0.8524173027989822,0.7402916294787352,0.11930894308943085,0.6209090909090909,0.1111274221961244,0.009753196981883434,0.034673076483196785,0.006195357326410043,0.0017992538961489528,0.042337075466691916,0.0037367431526118726,0.08613846243545208,0.006020580344806185
Oryza sativa,478.0,1.0,0.6875,0.9595238095238096,0.7492836653076738,0.9581589958158996,0.8532738095238095,0.6470588235294118,0.7333333333333333,0.5238095238095238,,,,,,,,
Streptomyces avidinii,3425.0,15.0,0.29108277822550244,0.6611744138950367,0.24627873089357205,0.5564206548306417,0.5996477085533904,0.18657896680341662,0.6766788323010213,0.17332648888489624,0.08792769277609945,0.08698760137907613,0.10794244494237919,0.10268786582366905,0.08542462021990929,0.057205091303948574,0.21466923920830172,0.06247327787612059
Klebsiella michiganensis,1426.0,1.0,0.3037974683544304,0.9087330135891288,0.2925567571451811,0.9228611500701264,0.7980815347721822,0.1967213114754098,0.6666666666666666,0.1791044776119403,,,,,,,,
Phormidium lapideum,361.0,1.0,0.5234899328859061,0.93640841916704,0.7741200548164331,0.8033240997229917,0.8577026421854008,0.3644859813084112,0.9285714285714286,0.3545454545454545,,,,,,,,
Pseudomonas amygdali,341.0,1.0,0.4561403508771929,0.8704541907288902,0.4580332110993217,0.7272727272727273,0.8041595130326206,0.3046875,0.9069767441860463,0.2954545454545454,,,,,,,,
Pectobacterium carotovorum,2750.0,2.0,0.0758010521281683,0.7378872866992319,0.06779251183697785,0.9258333333333333,0.5659062496571381,0.0477229601518026,0.1926470588235294,0.039395505037458,0.0037198348125548207,0.1654585684272514,0.02608205940324423,0.03841946844446909,0.04428922108298323,0.0009392310186538675,0.06031204898355845,0.0020093450253298624
Dianthus caryophyllus,254.0,1.0,0.4848484848484848,0.903056768558952,0.62422878550301,0.8661417322834646,0.765414847161572,0.3902439024390244,0.64,0.32,,,,,,,,
Paenarthrobacter nicotinovorans,1167.0,1.0,0.3302752293577982,0.8831193059917292,0.3104637787248683,0.8748928877463582,0.7544386057647461,0.225,0.6206896551724138,0.1978021978021978,,,,,,,,
Xenopus laevis,4909.0,14.0,0.5048314213515288,0.9025147359076026,0.6174158193643725,0.7956037850592621,0.7875460179681096,0.3676707975657255,0.8281266468081518,0.3494139567374929,0.14460199105487268,0.0660463380375065,0.26471392429808577,0.1690411168942555,0.10884304750631414,0.12321527484256187,0.1739999413316675,0.1315253018151608
Arachis hypogaea,700.0,2.0,0.4321966693100714,0.8529055806095655,0.5387037580868588,0.8003568596352102,0.7729497468586652,0.3076382380506092,0.738514173998045,0.2837662337662337,0.17607575677444562,0.14080720641435132,0.4048867324752587,0.12560818317667452,0.15261100337420144,0.14347574332416832,0.18731763216183223,0.14417631772245187
Chromohalobacter israelensis,772.0,1.0,0.3559322033898305,0.95599376114082,0.3098959790362067,0.9015544041450776,0.8887032085561497,0.2234042553191489,0.875,0.2164948453608247,,,,,,,,
Haemophilus parahaemolyticus,654.0,2.0,0.44252631578947366,0.8687512547681189,0.40769402598663784,0.7798165137614679,0.8056364183898815,0.3007548007548007,0.838235294117647,0.28437499999999993,0.030368375444643377,0.018241963738701298,0.05248321138179388,0.02162406058674455,0.021258630893934094,0.02535192477780602,0.02079725827019258,0.025043365167023587
Adeno-associated virus 3b,1040.0,1.0,0.1686746987951807,0.8561100239182432,0.1069528595153217,0.9336538461538462,0.6660687105892585,0.1076923076923077,0.3888888888888889,0.0921052631578947,,,,,,,,
Aliivibrio fischeri,419.0,1.0,0.7291666666666666,0.9596734289955468,0.673825163644555,0.9379474940334128,0.8830405739732805,0.660377358490566,0.813953488372093,0.5737704918032787,,,,,,,,
Photinus pyralis,1806.0,4.0,0.5857918190716604,0.9599324114411909,0.6740702944100667,0.8927057643446,0.8819556507059003,0.44581983092291516,0.8684786033906851,0.41604465662773193,0.05875287963711313,0.001940663889017482,0.04778410886667164,0.011970398541658284,0.013704125371588593,0.07140841222190386,0.035197684809580264,0.05860280618530529
Serratia marcescens,7172.0,10.0,0.3359257938279066,0.8809423375868297,0.3489182550682286,0.8969623085348377,0.7631135975513242,0.23799563965352943,0.6233089133089132,0.21781249801243888,0.19440620540509523,0.08197642889783223,0.30178952500537176,0.05896986181101246,0.09987315656045126,0.16052407539283733,0.22262386124577627,0.15196299794211243
Amycolatopsis mediterranei,384.0,1.0,0.6875,0.9798843132176466,0.8059952249711089,0.921875,0.9572649572649572,0.5238095238095238,1.0,0.5238095238095238,,,,,,,,
Staphylococcus haemolyticus,1060.0,1.0,0.3883495145631068,0.8479379592618301,0.3700039286173637,0.940566037735849,0.7232939993776778,0.3225806451612903,0.4878048780487805,0.2409638554216867,,,,,,,,
Phanerodontia chrysosporium,1778.0,3.0,0.43796986518636,0.937476893249319,0.4468547435013049,0.892481126817652,0.8551491860804759,0.2997076023391813,0.8142857142857142,0.28059718059718053,0.02464645226666256,0.01916269950891323,0.11573985170327064,0.039341256372960785,0.02148738251123828,0.01966904100449372,0.03779644730092269,0.020169221098608466
Desulfitobacterium hafniense,602.0,2.0,0.3208944387977348,0.8033630915983858,0.26336377013779666,0.723719422340112,0.7273113611348906,0.20833333333333331,0.7313195548489666,0.19339525283797726,0.10390475715998053,0.043471025914452434,0.055688987269061976,0.06811399362305072,0.05350213593250795,0.0824957911384305,0.03597363592681958,0.07384851006819251
Simian immunodeficiency virus,495.0,3.0,0.5642625286723085,0.9359658147426178,0.7766900799663957,0.7154882154882154,0.8101432207060864,0.41065165973411627,0.9577647823261858,0.4057295524529603,0.1642384688154798,0.0513067928004841,0.20952435754101875,0.19692652552874668,0.13032090774160748,0.16400422379633836,0.03811568388840141,0.16701527877365463
Pseudaminobacter salicylatoxidans,1094.0,3.0,0.2599880778391606,0.8356858307900863,0.23428048425637957,0.7660131307672291,0.7370072047789696,0.15953540507111932,0.7041062801932366,0.14942140830624415,0.003971685013580412,0.0015709200183342447,0.006734846156440841,0.01050763407114338,0.017602882400999408,0.003528712584673707,0.04230502388438889,0.0026263570838246358
Leuconostoc mesenteroides,970.0,2.0,0.3398268398268398,0.8421181533532915,0.387308482626507,0.8298969072164948,0.7763640385345223,0.22489035087719295,0.7152777777777778,0.20597484276729555,0.07652670792062202,0.04514583431656119,0.2104109581768986,0.007289760630789202,0.009611094858987706,0.06497318888534286,0.009820927516479791,0.05559015575365942
Human enterovirus 71,924.0,2.0,0.36798245614035086,0.9121281464530893,0.42952306563653864,0.8398268398268398,0.8493363844393593,0.23412182140745114,0.86,0.2256258234519104,0.02543103335846351,0.015015906016959152,0.04263601866035189,0.012244273267299502,0.019805462246506537,0.01848262550469864,0.028284271247461926,0.01909840449845091
Polaromonas sp.,247.0,1.0,0.6233766233766234,0.9706598984771572,0.9292335466796344,0.7651821862348178,0.8378680203045685,0.4615384615384615,0.96,0.4528301886792453,,,,,,,,
Agrobacterium fabrum,1345.0,3.0,0.5773615379297776,0.9296322842989841,0.6147848355460671,0.871759957250036,0.8623029188982795,0.43954169301109264,0.8549288875375831,0.41599276465268126,0.1435549728820469,0.05138005772130003,0.2796422752473759,0.024995013127638552,0.06669889670721686,0.13669926122882345,0.13028009082994954,0.15098440671458274
Streptomyces pseudogriseolus,387.0,1.0,0.3818181818181818,0.9425465838509316,0.5787567720266364,0.8242894056847545,0.865862398471094,0.2413793103448276,0.9130434782608696,0.2359550561797752,,,,,,,,
Glycine max,1344.0,3.0,0.42285885623943736,0.878108488876259,0.35508917983813576,0.8616675891783584,0.7918186492741134,0.30187557242351765,0.7110336142594207,0.26815833970305514,0.010986740144749376,0.010492115137877567,0.06781679922735424,0.03122906669862029,0.004767412053669193,0.019305112703938736,0.04506035432144926,0.008832675115245665
Adeno-associated virus -,1040.0,1.0,0.1578947368421052,0.83306884765625,0.1234403744063084,0.9384615384615383,0.6611328125,0.1,0.375,0.0857142857142857,,,,,,,,
Nocardia farcinica,1625.0,4.0,0.41126031535514296,0.9065188301307328,0.49431098610670443,0.8399584014526543,0.8300010114835882,0.27489380387987195,0.8184523809523809,0.2603181365048453,0.06234525835270586,0.04194091963833313,0.1326472548258742,0.024654911151272475,0.05353535369066534,0.04626880730966504,0.08756423933747143,0.04957132099118245
Sulfolobus acidocaldarius,621.0,2.0,0.5656660412757973,0.9510354700676925,0.73943117970187,0.8585895427921646,0.8789891095258655,0.4229390681003584,0.9091836734693879,0.4053308823529412,0.1790983404506265,0.0016681529835328884,0.2118921930183723,0.022726210779408507,0.010762609421575567,0.1875480351534212,0.012987675572814215,0.17547686665474985
Pan troglodytes,258.0,1.0,0.6823529411764706,0.9798245614035088,0.8829114704540151,0.8953488372093024,0.9263157894736842,0.5272727272727272,0.9666666666666668,0.5178571428571429,,,,,,,,
West nile virus,786.0,2.0,0.5187406296851574,0.8978731093789035,0.5129261362986337,0.8625954198473282,0.8416476732030054,0.39206349206349206,0.8181818181818182,0.36842105263157887,0.2417096643336325,0.06583062374288381,0.34983544013060625,0.04857985519602235,0.08555431262594315,0.23121269353083942,0.12856486930664504,0.22329687826943612
Murray valley encephalitis,769.0,2.0,0.28258384146341464,0.7170645207235437,0.16438481244367475,0.7969987526112505,0.6616619783506623,0.1975550578574094,0.49941176470588233,0.16462075203514664,0.02021075022446305,0.10755959267506177,0.0015833262217200897,0.03554715554891117,0.05416527578561399,0.006466635363594758,0.084020923411578,0.013705390512725468
Exiguobacterium sibiricum,420.0,1.0,0.4,0.871074730082563,0.3836494236296968,0.7857142857142857,0.7970503140215934,0.2654867256637168,0.8108108108108109,0.25,,,,,,,,
Tetrahymena thermophila,670.0,3.0,0.48225848225848217,0.7722253958223132,0.4455491756400111,0.7161271474629777,0.7210766782638118,0.35838220133030085,0.7388323388323389,0.3242444346159516,0.1322464554316389,0.08455089890517907,0.21297376641095536,0.010835348035963258,0.07717152066695321,0.10280304216714022,0.1850677479837815,0.11193089829922044
Mycolicibacterium thermoresistibile,2237.0,3.0,0.3774917079514781,0.8682102656566467,0.40863352623811783,0.8720027468269156,0.7356775661381111,0.2808673088410991,0.5791430222782682,0.23534634317862166,0.09143151529925778,0.03395736938908601,0.22616795448277197,0.008954674022798724,0.07827767102786862,0.06122577811882088,0.17505028880512266,0.07153615936768658
Bombyx mori,439.0,2.0,0.5453537936913896,0.907680105354524,0.7296828922830967,0.6778822426216562,0.758857219820675,0.4607587314331593,0.8775510204081632,0.39631751227495904,0.25475134333285165,0.045989136377790826,0.08071533379010716,0.32655965378309737,0.12400679923103529,0.3356699192103944,0.17316900763752188,0.24453627310101064
Corynebacterium sp.,554.0,2.0,0.6367032967032967,0.9153814662445463,0.70004563581805,0.8754512635379061,0.813371508593804,0.5682456140350878,0.7246171298922292,0.46851325757575757,0.06123078500824173,0.011726319100415461,0.07670779243037866,0.012763660310226514,0.04643150135698877,0.03994533044597685,0.09345200227819937,0.0659564563890861
Poliovirus type 2,837.0,1.0,0.288135593220339,0.8551560379918588,0.2024501134441434,0.899641577060932,0.7152872003618272,0.2,0.5151515151515151,0.1683168316831683,,,,,,,,
Capsicum annuum,592.0,1.0,0.348314606741573,0.894484412470024,0.4890240950576919,0.8040540540540541,0.8307354116706636,0.2183098591549295,0.8611111111111112,0.2108843537414966,,,,,,,,
Lactiplantibacillus plantarum,6464.0,6.0,0.28591244212062766,0.8656651276884936,0.23060825604244325,0.851918991742567,0.7586702650272638,0.1948986770320763,0.6618371212121212,0.17455659036173785,0.1520014907970007,0.03623358664695139,0.1653101407235215,0.06900271812784838,0.08180653975655976,0.1288637840430311,0.20051807290325635,0.1052158169649581
Schistosoma japonicum,216.0,1.0,0.5526315789473685,0.924607329842932,0.6074906677597469,0.8425925925925926,0.8414659685863874,0.4117647058823529,0.84,0.3818181818181818,,,,,,,,
Hypericum perforatum,338.0,1.0,0.390625,0.9592332268370608,0.655907783906957,0.7692307692307693,0.8753993610223643,0.2427184466019417,1.0,0.2427184466019417,,,,,,,,
Halorhodospira halophila,792.0,1.0,0.0,0.5685360094451003,0.0503711328528621,0.9722222222222222,0.5,0.0,0.0,0.0,,,,,,,,
Streptomyces nogalater,515.0,2.0,0.5030827067669172,0.9082346067408196,0.664916228911421,0.7428539062795001,0.8277936838452196,0.3414971634149716,0.9558823529411764,0.33689229116304054,0.05220893677633013,0.0578750180025549,0.07305686701986686,0.09446602695457483,0.039306204642219365,0.04011537017939457,0.06239177481057782,0.04662764297107106
Burkholderia ambifaria,274.0,1.0,0.4782608695652174,0.8737161531279178,0.4259690512269685,0.7372262773722628,0.813375350140056,0.3235294117647059,0.9166666666666666,0.3142857142857143,,,,,,,,
Burkholderia sp.,215.0,1.0,0.3809523809523809,0.9145077720207252,0.6966629880264703,0.6976744186046512,0.7913330193122938,0.2409638554216867,0.9090909090909092,0.2352941176470588,,,,,,,,
Caldicellulosiruptor bescii,330.0,1.0,0.4533333333333333,0.9804548017289983,0.7914352716307611,0.8757575757575757,0.9345047923322684,0.293103448275862,1.0,0.293103448275862,,,,,,,,
Anopheles gambiae,3498.0,6.0,0.362663834530022,0.8574387741339312,0.3591774253288487,0.7665351411661767,0.7325745184878483,0.2575342175335844,0.7125657160939419,0.2267342082288034,0.11933631776888262,0.06508355265002672,0.16111767362424914,0.18793376312984061,0.08328072788606249,0.10663560295135315,0.19732588467665207,0.08642387931222745
Micromonospora echinospora,1240.0,2.0,0.276,0.8255536578117224,0.21099287961381744,0.8326863354037267,0.7540862363443008,0.1854609335787184,0.663003663003663,0.1623516720604099,0.1074802307403552,0.044014567096512615,0.1608691557859505,0.009332931118145434,0.057773676735984436,0.09949419491013664,0.13986727539953683,0.07246509623810356
Cricetulus griseus,914.0,3.0,0.5163950470802506,0.8911011420523286,0.5646948143576258,0.8174017381254224,0.796021903863137,0.43310804913162276,0.7617322291235334,0.36309360574066457,0.19761874265262364,0.07298377143328465,0.27181223244327496,0.11994831924875153,0.06292087844163151,0.22503570536073675,0.11386261649457116,0.16925715079133893
Brucella melitensis,270.0,2.0,0.42209743751977225,0.8340264187866928,0.5417642942655125,0.5246913580246915,0.6721440802348337,0.28434886499402623,0.9401785714285714,0.27858241476544476,0.20770283022198974,0.0050161684575365986,0.31901246069428646,0.017459426695964134,0.04169473816169701,0.17403105964686835,0.003788072042070777,0.16830265222550864
Thermoplasma volcanium,309.0,1.0,0.6504065040650406,0.942342049699529,0.7793244911909046,0.86084142394822,0.8568296248172811,0.5263157894736842,0.851063829787234,0.4819277108433735,,,,,,,,
Staphylococcus epidermidis,248.0,1.0,0.7304347826086957,0.9674688057041,0.8728984809249309,0.875,0.9061942959001784,0.5915492957746479,0.9545454545454546,0.5753424657534246,,,,,,,,
Citrus x,401.0,1.0,0.4081632653061224,0.811107811107811,0.3469497704252339,0.8553615960099751,0.713951588951589,0.3278688524590163,0.5405405405405406,0.2564102564102564,,,,,,,,
Mitrocoma cellularia,197.0,1.0,0.6666666666666666,0.9141512495942876,0.7856921995688583,0.8426395939086294,0.8246510873093151,0.5740740740740741,0.7948717948717948,0.5,,,,,,,,
Streptomyces purpurascens,1685.0,4.0,0.4354209690596669,0.9258065601014521,0.6325702489394935,0.817077620521893,0.8237970741185211,0.2944313123946991,0.8361244019138756,0.2832996315977981,0.11673096255953301,0.054316800815211154,0.30344137579101266,0.010564441203332053,0.09190014893955786,0.08089924455822668,0.20801579727450858,0.08937875290026709
Thermococcus sp.,6208.0,2.0,0.059285091543156,0.8623228138807864,0.0951638726973047,0.9760965026922475,0.5195968433409679,0.0761494252873563,0.048538011695906394,0.0305555555555555,0.007397804162370144,0.01949223246078306,0.06595832350693726,0.013972835134534761,0.005705941489005786,0.010159580189461876,0.005789178325503914,0.003928371006591961
Cavia porcellus,1600.0,3.0,0.35255224824398584,0.8638328140024569,0.2999283245274339,0.8391200170223788,0.7632720380032159,0.24856305855304628,0.6739210009650262,0.21623575201556852,0.08525804705228407,0.028662513399282056,0.058273564610925276,0.01608786995484624,0.01670431246778234,0.09624539889576787,0.06097942047809057,0.06483149432152396
Aspergillus japonicus,4087.0,3.0,0.0,0.514872130694754,0.021490192436217467,0.9237018023203699,0.4721070910064033,0.0,0.0,0.0,0.0,0.12134931296257938,0.0006923003120547619,0.003971581804298439,0.0006535072422773793,0.0,0.0,0.0
Ectopseudomonas mendocina,982.0,2.0,0.16141975308641976,0.7089330696756582,0.08560448361358569,0.8625254582484725,0.6174399260429954,0.10473588342440801,0.35233918128654973,0.0878378378378378,0.016149969693766822,0.0044609277593702125,0.006380790066877866,0.001440136010563256,0.025184175203941075,0.009015933457751979,0.0516890921919991,0.009555497043061512
Reovirus type 3,2528.0,2.0,0.1401627953146714,0.8435731608730801,0.10448779144912115,0.951740506329114,0.5768286475642983,0.1128364389233954,0.18518518518518517,0.07554535017221581,0.03425333623377362,0.005314045392910658,0.017680884817048905,0.0,0.025617509663035515,0.02488781631505445,0.05237828008789243,0.019808731872504884
Equus caballus,6874.0,12.0,0.3878534255873078,0.846889796366398,0.3484849659488514,0.8610307120195557,0.7400647547647901,0.30446121355764266,0.6056424079862875,0.2550986034100625,0.18716949495237323,0.1549044117067824,0.18530726976757286,0.13226866381114696,0.11230698182017317,0.16732180709939554,0.2564289515652841,0.13714662350623066
Streptomyces rubellomurinus,531.0,1.0,0.4033613445378151,0.8895968143354902,0.34643022292389,0.8662900188323918,0.7375808860129418,0.3076923076923077,0.5853658536585366,0.2526315789473684,,,,,,,,
Thermobifida fusca,1064.0,2.0,0.5552780552780552,0.9310593608271627,0.5547601694974162,0.8702614275164916,0.8394479863287913,0.42666796343123903,0.8010526315789473,0.387432043492165,0.09630591858318284,0.016757556188755372,0.1306049260985585,0.02958614141893453,0.042615992119741854,0.09641740004119237,0.058057188350053336,0.09248694387761369
Propionibacterium freudenreichii,6112.0,4.0,0.20303244492359387,0.816558142260391,0.1698609870278764,0.9246925023639673,0.6367910979798135,0.15206790123456787,0.32971623284123286,0.11739227642111374,0.13266526555870167,0.0782054010015043,0.13297762271588118,0.02679455444498677,0.12385893636343404,0.09155236669903118,0.2760490648481194,0.07969457886475462
Thermoanaerobacter pseudethanolicus,670.0,1.0,0.3414634146341463,0.8793375394321766,0.2818438231485195,0.8791044776119403,0.7396161934805467,0.2413793103448276,0.5833333333333334,0.2058823529411764,,,,,,,,
Tetronarce californica,13778.0,24.0,0.4906304435939066,0.9224577728045081,0.5139613295870532,0.9138152937649938,0.8302216330414613,0.38006873708203787,0.7369021513574205,0.3371139417259201,0.1558663811849223,0.056759178419970996,0.19639698275018175,0.030183559613564042,0.09110381163377583,0.13932330645966337,0.17558956694797406,0.12261181274705281
Bacillus thermoproteolyticus,6004.0,19.0,0.5258749102616669,0.8953399993699687,0.6145930922349073,0.9182211858760827,0.7578427830847833,0.5006677222610585,0.565479265836716,0.3580421135418205,0.04659673242135958,0.027345832003083055,0.03283492008977795,0.008390099205728198,0.03987792370539548,0.05830469886739601,0.08364689438893373,0.043614024178615166
Novosphingobium aromaticivorans,1207.0,3.0,0.3918173818104805,0.9551029321393711,0.5482699246586341,0.8633383608631133,0.9069335056766482,0.2475274725274725,0.9545454545454546,0.24380927291886192,0.023020377251576764,0.023457244149124163,0.1106999732254349,0.015525656932147674,0.03839836232829786,0.023244745605947824,0.07872958216222169,0.017753480040131876
Ascaris suum,2992.0,5.0,0.40020802445724,0.8936383419488922,0.2884274480504013,0.8916302463338577,0.7757236874029025,0.30752677443430654,0.6462011418533157,0.2655880841343865,0.18387754614566568,0.04102216549421485,0.24318416341894855,0.033008155889394354,0.06659532532376725,0.2039681255450058,0.10560378565147255,0.16804445899015955
Fusarium oxysporum,4702.0,4.0,0.23544466772359607,0.8285778473723727,0.24716287771069528,0.9009074828571166,0.6651214433906497,0.1747517427799118,0.41547648251488456,0.14156807605602784,0.16914627458713907,0.041332067659413906,0.22331914868416441,0.06631965388856678,0.11907205316551953,0.10419046053493596,0.3085779393288302,0.11353378933980825
Obelia longissima,571.0,3.0,0.687251461988304,0.8834115417846208,0.7006993047123239,0.8755890877991394,0.8002061649120473,0.7037037037037037,0.6731231231231232,0.5235374149659865,0.005267055087343957,0.017120803694737202,0.017033705344489326,0.005005829111461463,0.007460052520875496,0.03207501495497923,0.026938041697995723,0.006126982448542977
Xanthobacter autotrophicus,5419.0,5.0,0.3046793497313348,0.886622362006474,0.308018013385247,0.8692478518268821,0.7813449088221264,0.2110476504838986,0.6952015957898311,0.20080392868180166,0.2319011920382447,0.06422737088234087,0.33919764253787643,0.031322463869441,0.11397179140685805,0.19591716479043722,0.25212232199413764,0.19343362648305573
Neisseria gonorrhoeae,682.0,2.0,0.4875936934608426,0.8874467855267582,0.48951426755990024,0.8090435095289464,0.8150697362265442,0.3490193497433197,0.8216117216117216,0.3226717902350813,0.03088680434751269,0.028843111542180323,0.2323560872592472,0.0023137978097078106,0.032487981165030926,0.0442116257817046,0.07096969159161684,0.027011990510968937
Aspergillus terreus,1520.0,5.0,0.5030126256722001,0.928306168617951,0.6069081332180521,0.8598684210526315,0.8499739998191874,0.3608553499163431,0.8378793509228292,0.3364165449240887,0.02893603775516161,0.014252449672372287,0.031316796616190024,0.019405106847042913,0.020708648639954672,0.03389408743886484,0.044923828013922425,0.025864893440096202
Thermococcus kodakarensis,1315.0,2.0,0.3542099792099792,0.8983837013017844,0.4270655992627417,0.8744011647931866,0.8015075072202318,0.23785123966942145,0.7247765006385696,0.22756348129482457,0.23337463932092398,0.07361353310393091,0.4525149932130521,0.015443121767154651,0.14855136166952929,0.17274443348656487,0.29169283566188364,0.17406970577765365
Simian virus 40,3261.0,2.0,0.06388888888888886,0.7426862221927193,0.10316060030489795,0.9698712051517939,0.5181322407715558,0.14583333333333331,0.0440705128205128,0.03310276679841895,0.027498597046143526,0.06107229068767262,0.06297874864133075,0.014636524909565064,0.00916790548595588,0.029462782549439435,0.026063230716811877,0.014673164431736666
Legionella pneumophila,1699.0,3.0,0.3831136540781091,0.8580843230476853,0.4367792002294338,0.8081310067012222,0.7374698876735083,0.27298735152107584,0.6671587975935802,0.2452874160191233,0.15835289422577575,0.1266815519489342,0.2829381516260244,0.19270082021538643,0.11924458799074489,0.13440144944723045,0.1738724428271049,0.12783981439330042
Homarus americanus,662.0,1.0,0.4198895027624309,0.9188664596273292,0.4487128623995666,0.8413897280966768,0.8343097120271034,0.2814814814814815,0.8260869565217391,0.2657342657342657,,,,,,,,
Citrobacter freundii,1820.0,2.0,0.3381619654231119,0.949473002086738,0.36075569183749673,0.8801950498492929,0.8871018063831605,0.21379233511586448,0.8942414174972315,0.2075267110970062,0.13593950930763765,0.004694579357286414,0.0707345281779388,0.01591318153232535,0.0009524776173271739,0.10477406628543993,0.014878215772474414,0.09877652645264322
Renilla reniformis,917.0,2.0,0.19138391155165835,0.7498199791849665,0.11944046104415601,0.90259027108111,0.6088615702848348,0.14358974358974355,0.2902097902097902,0.10582750582750575,0.007548223359978434,0.04496102293734268,0.007066302341309325,0.024528642495354608,0.0006562454617320561,0.014504754485877886,0.02472401332820099,0.004615149154597493
Ligilactobacillus salivarius,662.0,1.0,0.3925233644859813,0.911483701760959,0.474298536044169,0.9018126888217524,0.7674222555264144,0.2876712328767123,0.6176470588235294,0.2441860465116279,,,,,,,,
Salvia officinalis,2116.0,2.0,0.0850877192982456,0.7739774424439114,0.07571756993502075,0.9494336049170954,0.5409660283947526,0.0675675675675675,0.1152173913043478,0.04449760765550235,0.021089149614335653,0.017187104469842177,0.0333095177656976,0.0005331601301828281,0.01111277744141918,0.01911099408612289,0.021520641166547054,0.011503172516910371
Clostridium butyricum,842.0,2.0,0.4746532759445241,0.8868142180491871,0.5045951532868947,0.8567565856129686,0.8155096355601035,0.3489789196310935,0.7692652329749103,0.3212510356255177,0.18835890823572785,0.06665028908734776,0.43258120210757645,0.001979110925053575,0.062094877013709006,0.17072110362639645,0.12988968650828164,0.16315595572531358
Kluyveromyces lactis,2232.0,1.0,0.1942857142857142,0.8904498447083969,0.14562106458549,0.9368279569892471,0.6806169362469526,0.126865671641791,0.4146341463414634,0.1075949367088607,,,,,,,,
Taxus canadensis,1308.0,1.0,0.1632653061224489,0.7924855082708893,0.1645374081281694,0.9686544342507644,0.5819666336773647,0.1481481481481481,0.1818181818181818,0.0888888888888888,,,,,,,,
Uncultured bacterium,514.0,2.0,0.5249054742725628,0.9404352921009598,0.6094969696403636,0.8553734962086699,0.8693868094945371,0.3727272727272727,0.8882575757575758,0.35789951573849876,0.08113768424596583,0.009458581837331488,0.10434106881121687,0.006639397757037099,0.04039217812694045,0.06428243465332248,0.09910208675720551,0.07469136399337319
Thermus caldophilus,620.0,1.0,0.1941747572815534,0.8900275482093665,0.1044212984826867,0.8661290322580645,0.768870523415978,0.1136363636363636,0.6666666666666666,0.1075268817204301,,,,,,,,
Crithidia fasciculata,1942.0,1.0,0.3488372093023256,0.905698725594827,0.305177817719462,0.913491246138002,0.7921950530479,0.2368421052631578,0.6617647058823529,0.2112676056338028,,,,,,,,
Anaerobiospirillum succiniciproducens,1034.0,1.0,0.3506493506493506,0.8723503549234888,0.2864550398542568,0.9032882011605416,0.785965170829956,0.2389380530973451,0.6585365853658537,0.2125984251968504,,,,,,,,
Methanosarcina mazei,373.0,1.0,0.3478260869565217,0.7345862182657434,0.2174349315121839,0.839142091152815,0.6628750412133202,0.2857142857142857,0.4444444444444444,0.2105263157894736,,,,,,,,
Clarkia breweri,1416.0,4.0,0.3722218463516119,0.8936690380360304,0.4216535558589013,0.8184408259526172,0.8418614812093346,0.23948125143777313,0.8688496810207336,0.23251993104934277,0.10238180100279407,0.0991876414568562,0.2401243792673452,0.024568777222159464,0.08690487902293952,0.07830371632470684,0.16325458290558606,0.08168345061160487
Bacillus thuringiensis,401.0,1.0,0.175438596491228,0.667503805175038,0.1388407363886824,0.7655860349127181,0.545738203957382,0.1282051282051282,0.2777777777777778,0.0961538461538461,,,,,,,,
Acidithiobacillus thiooxidans,1708.0,1.0,0.2809917355371901,0.8770566948130277,0.1857866300894804,0.9490632318501172,0.6537153196622437,0.2394366197183098,0.34,0.1634615384615384,,,,,,,,
Cochliobolus lunatus,1563.0,6.0,0.5125370229169216,0.8949427971078291,0.4681372212827528,0.7888633043805457,0.834848326200036,0.36384235484953437,0.895199692780338,0.34777417668028354,0.07666055495272353,0.02413103629800364,0.18081587852869319,0.024987179622663218,0.013626657591229214,0.08490149960114628,0.022239101684928986,0.07461473576899345
Giardia intestinalis,995.0,2.0,0.2999002991026919,0.8285301126630304,0.3825426599381689,0.8793097546281082,0.6900061043324119,0.2160890029952931,0.49007936507936506,0.20833333333333331,0.39084745711846663,0.18393547241040098,0.4601715319947247,0.02683407881556741,0.29370663939982317,0.2807852344634643,0.6425692575068229,0.27779194975185795
Acinetobacter baumannii,563.0,2.0,0.5833619210977701,0.9222843694602358,0.6004585380143654,0.8401352817950076,0.8658149830486159,0.4316431924882629,0.9,0.41179487179487173,0.002183177025961903,0.0006786219490573633,0.0021960323609037107,0.005425417366565991,0.0055571523496176,0.007037870310401241,0.0202030508910443,0.0021757131728816926
Lactobacillus helveticus,2168.0,4.0,0.11401268044892465,0.7385570811717745,0.08945618440251232,0.8574926247632626,0.5801541592918737,0.07226107226107223,0.2855540293040293,0.061307855346740096,0.061780353441307855,0.1035157698738472,0.065339619953796,0.06056633241552922,0.07603312768813131,0.04225912864300592,0.10643894856630667,0.034823321073482114
Sphingosinicella xenopeptidilytica,3297.0,3.0,0.16977671451355658,0.8775381229057205,0.14274714324814197,0.9317532284140505,0.6244740311546773,0.11811642901667445,0.3023504273504274,0.0927912586916418,0.011424123413139581,0.004696815598314664,0.015350768575880672,0.003371603482851773,0.0047200018643838385,0.010007395279262274,0.009252408160090155,0.006828726036048463
Methanosarcina barkeri,1308.0,1.0,0.2677165354330709,0.8320300660726192,0.1541922256291569,0.9288990825688074,0.6899739346547857,0.1931818181818181,0.4358974358974359,0.1545454545454545,,,,,,,,
Agaricus bisporus,3120.0,1.0,0.0625,0.7378903368576346,0.0479458068874737,0.9807692307692308,0.518291588859575,0.1333333333333333,0.0408163265306122,0.032258064516129,,,,,,,,
Momordica balsamina,1722.0,7.0,0.5662002163855601,0.9533740228605553,0.7131117577826939,0.8879210220673637,0.856880260358734,0.4411405311251353,0.817129217682397,0.3963430673921068,0.04963575843700492,0.014688927101925027,0.06940226928314581,0.00991768366817619,0.042310041528464966,0.072633080510534,0.09260538299052952,0.04881256956268283
Lysinibacillus sphaericus,661.0,1.0,0.1666666666666666,0.8192452830188679,0.1219841384009686,0.8940998487140696,0.5991194968553459,0.1186440677966101,0.28,0.0909090909090909,,,,,,,,
Pseudonocardia autotrophica,802.0,2.0,0.3978246539222149,0.8050769653087777,0.3676778835273189,0.8827930174563591,0.7350052205760784,0.31,0.5625,0.24833076527991782,0.010720801560507939,0.03058246486269025,0.005281199279545865,0.010580151339449558,0.043947649927129066,0.014142135623730963,0.08838834764831845,0.008353084728962817
Deinococcus radiodurans,1601.0,3.0,0.25228118840791297,0.7298020418370315,0.16580359626032487,0.8373612036801451,0.6224546249747863,0.1910803127221037,0.37420285807382575,0.14612573099415202,0.08528981753782988,0.019176414044250606,0.05855836346069996,0.06985552009154752,0.030231121641349782,0.06960047538219635,0.11470366186592539,0.05462258115667087
Streptomyces griseoruber,255.0,1.0,0.7479674796747967,0.974631751227496,0.9001003664044737,0.8784313725490196,0.9172463175122748,0.6052631578947368,0.9787234042553192,0.5974025974025974,,,,,,,,
Streptomyces carzinostaticus,567.0,4.0,0.4073437941241576,0.8030933967173868,0.5531149538549336,0.4522220084647941,0.6356191949623385,0.26081142611856173,0.9442073170731707,0.2570426314796844,0.057780609154878114,0.09895131049709414,0.18703758764440653,0.08015470579559683,0.031783420006139027,0.04540095612685746,0.07165347655182627,0.047006618119210336
Metallosphaera sedula,263.0,1.0,0.6052631578947368,0.9434129089301504,0.7925667809145968,0.8859315589353612,0.8452696728558797,0.4893617021276595,0.7931034482758621,0.4339622641509434,,,,,,,,
Aloe arborescens,798.0,1.0,0.1414141414141414,0.7346165062700495,0.1051572307246698,0.893483709273183,0.5604768153980753,0.1111111111111111,0.1944444444444444,0.0760869565217391,,,,,,,,
Calloselasma rhodostoma,1932.0,1.0,0.2093023255813953,0.8205787679878818,0.1485033762763587,0.8944099378881988,0.6548062357990406,0.1421052631578947,0.3970588235294117,0.1168831168831168,,,,,,,,
Prunus dulcis,1042.0,1.0,0.4939759036144578,0.9167761077873438,0.4152710302391329,0.9193857965451055,0.7937318611475914,0.3980582524271844,0.6507936507936508,0.328,,,,,,,,
Clostridium beijerinckii,1404.0,1.0,0.2311557788944723,0.8095420974889218,0.1438662949570737,0.8910256410256411,0.6834711964549484,0.1543624161073825,0.46,0.1306818181818181,,,,,,,,
Chloroflexus aurantiacus,1016.0,2.0,0.37339971550497864,0.9106120077587468,0.5207981986948237,0.837104506232023,0.7998600131752306,0.2512820512820513,0.7556818181818181,0.22956989247311826,0.007040892558045311,0.056476802868979305,0.14591546421414775,0.0120675941563955,0.0714443363402415,0.02538332035028633,0.16874139096497157,0.005322309105705203
Nitrosomonas europaea,1995.0,5.0,0.36544766719543276,0.8984592314613893,0.40186520633224704,0.8165496352471738,0.8175022040430265,0.23937308748414426,0.8161834395714445,0.22484645061566705,0.05901800452159175,0.06412797481331006,0.1321760172418852,0.014869349445198106,0.09688379108500449,0.03777667329575989,0.2134370299594068,0.043973173191254995
Bordetella bronchiseptica,1561.0,3.0,0.5771229461415998,0.9336075694946983,0.6829216128272395,0.8696497093843463,0.8420236203987829,0.44802980772610645,0.8134591194968553,0.41261308851120115,0.12580655422689635,0.02561889916975289,0.2637169418745703,0.02392585287293218,0.04857226791211009,0.11007377914791532,0.1329493105081407,0.11893476817534379
Aeromonas hydrophila,678.0,3.0,0.3745849297573436,0.7975463589014136,0.3991526634714782,0.8049480805538075,0.684932022078761,0.30392156862745096,0.5315656565656565,0.23161627472937663,0.061247980064032495,0.08070689756212074,0.1271880896997297,0.07092049394865342,0.012627467269738634,0.08985442539129097,0.0931181518560217,0.04624037481975915
Papaver somniferum,294.0,1.0,0.7107438016528925,0.94800135501355,0.8364678598966773,0.8809523809523809,0.8869410569105691,0.589041095890411,0.8958333333333334,0.5512820512820513,,,,,,,,
Caldanaerobacter subterraneus,480.0,1.0,0.3577235772357723,0.918220029239766,0.3940118486351381,0.8354166666666667,0.8739035087719298,0.2222222222222222,0.9166666666666666,0.2178217821782178,,,,,,,,
Pseudomonas paraeruginosa,1284.0,2.0,0.3699369936993699,0.8501651853507974,0.2928468359763453,0.9024240281793277,0.6802865805009599,0.3566801619433198,0.42388888888888887,0.22696476964769646,0.008910436486599152,0.021343475778784385,0.0802713148155812,0.035007619676858455,0.05032564794080645,0.09103641960215464,0.1469210756465382,0.0067069748893032735
Thermoproteus tenax,998.0,2.0,0.5700476694915254,0.9068781927802002,0.6506375196574123,0.8937875751503006,0.7963842995528019,0.4945273631840796,0.6733259341472437,0.3990154165047286,0.03277110347130449,0.009200747375578916,0.02884578212880704,0.014170476576884656,0.015611036308193755,0.03940097487208619,0.01831205130708783,0.03206210304641682
Thermus scotoductus,696.0,1.0,0.2962962962962963,0.8726571791822171,0.2375983133500296,0.8908045977011494,0.674486322437764,0.2253521126760563,0.4324324324324324,0.1739130434782608,,,,,,,,
Photobacterium phosphoreum,462.0,1.0,0.2539682539682539,0.7172914597815293,0.1894385153388853,0.7965367965367965,0.6256206554121152,0.1818181818181818,0.4210526315789473,0.1454545454545454,,,,,,,,
Brevibacterium sterolicum,1001.0,2.0,0.5697348176305548,0.9329290096816549,0.5584920568503905,0.9161097804391217,0.7936188710663392,0.5256696428571428,0.6469534050179211,0.4267786204405922,0.28555620034884377,0.05714856137342441,0.4456839548118412,0.036614299635811184,0.11046075148028109,0.3393481204355083,0.18501360224594257,0.2848600991020563
Candida parapsilosis,1279.0,2.0,0.46924689847981826,0.9271883375402369,0.44137071359152336,0.8677548235732973,0.8280026583494271,0.3367896579585241,0.7835026608611515,0.3065622669649515,0.007536871160646406,0.02494292514232199,0.0037087524848700175,0.05769955795025173,0.012635153415529125,0.024947748003080406,0.09270727513379508,0.006433037084620379
Acinetobacter calcoaceticus,362.0,1.0,0.6666666666666666,0.9669097413318656,0.8426873794795839,0.8812154696132597,0.9041001651073196,0.5180722891566265,0.9347826086956522,0.5,,,,,,,,
Mycoplana ramosa,682.0,1.0,0.421875,0.9371153846153846,0.4150867429906675,0.8914956011730205,0.868798076923077,0.28125,0.84375,0.2673267326732673,,,,,,,,
Branchiostoma belcheri,161.0,1.0,0.3571428571428571,0.6386861313868613,0.2854403461009863,0.6645962732919255,0.6482664233576643,0.25,0.625,0.217391304347826,,,,,,,,
Cryptococcus deneoformans,915.0,1.0,0.3333333333333333,0.913880671987498,0.2520553374723572,0.903825136612022,0.728818998716303,0.2417582417582417,0.5365853658536586,0.2,,,,,,,,
Chryseobacterium sp.,294.0,1.0,0.6,0.9101607347876004,0.6368013526832152,0.9183673469387756,0.8163030998851895,0.5294117647058824,0.6923076923076923,0.4285714285714285,,,,,,,,
Encephalitozoon cuniculi,1256.0,5.0,0.6443362544628366,0.9215529542222326,0.6899219343733131,0.8854070660522273,0.871253853207828,0.5221107856414962,0.852733137829912,0.4800930541708208,0.08966634641786712,0.06266914939274644,0.2221960905076694,0.026560913380786748,0.03972832258339573,0.09816529057541201,0.06639378487075795,0.0907723453859499
Brucella suis,977.0,2.0,0.49358974358974356,0.9270879797922831,0.5774546101437303,0.9160183756957951,0.7643702691570832,0.4259090909090909,0.5882352941176471,0.327683615819209,0.009065471553673732,0.00948048991136634,0.04678897536983354,0.004718471244588555,0.016991466956824738,0.00835671650493194,0.04159451654038516,0.00798990713205139
Shewanella denitrificans,115.0,1.0,0.6133333333333333,0.7917647058823529,0.5500275522126816,0.7478260869565218,0.753921568627451,0.5111111111111111,0.7666666666666667,0.4423076923076923,,,,,,,,
Treponema denticola,788.0,1.0,0.3734939759036144,0.930982456140351,0.3501553463029333,0.868020304568528,0.8432280701754387,0.2421875,0.8157894736842105,0.2296296296296296,,,,,,,,
Pseudogluconobacter saccharoketogenes,562.0,1.0,0.5476190476190477,0.9583526383526384,0.6554458312386028,0.9323843416370108,0.787953667953668,0.4893617021276595,0.6216216216216216,0.3770491803278688,,,,,,,,
Streptomyces hygroscopicus,353.0,1.0,0.4375,0.8759594969786053,0.523569942617079,0.8470254957507082,0.711905928466438,0.3684210526315789,0.5384615384615384,0.28,,,,,,,,
Cellulomonas fimi,314.0,1.0,0.5517241379310345,0.9281517094017094,0.589391036876573,0.9171974522292994,0.7799145299145299,0.5,0.6153846153846154,0.3809523809523809,,,,,,,,
Nototodarus sloanii,404.0,2.0,0.6366771159874608,0.9331169007546126,0.6219261593212321,0.8985148514851485,0.8158648166804947,0.5802083333333333,0.7053846153846154,0.4672739541160593,0.02615630099686915,0.0188696952287571,0.06781799305000633,0.003500528619735387,0.0178020927775286,0.019150808657135674,0.03589926735254773,0.028150674824565607
African swine fever,102.0,1.0,0.628099173553719,0.7584677419354838,0.6286401891034398,0.5588235294117647,0.6282258064516129,0.4691358024691358,0.95,0.4578313253012048,,,,,,,,
Renilla muelleri,184.0,1.0,0.6060606060606061,0.8956451936584388,0.6533602460705876,0.7880434782608695,0.8353401565322095,0.4545454545454545,0.9090909090909092,0.4347826086956521,,,,,,,,
Foot and mouth,476.0,1.0,0.5,0.9146205357142858,0.3684050913390455,0.9033613445378152,0.8649553571428572,0.359375,0.8214285714285714,0.3333333333333333,,,,,,,,
Bacillus caldolyticus,416.0,1.0,0.384,0.8694300518134714,0.3158718160008331,0.8149038461538461,0.8080310880829016,0.2526315789473684,0.8,0.2376237623762376,,,,,,,,
Varicella-zoster virus (strain,539.0,1.0,0.4102564102564102,0.9228015564202336,0.3667930547610153,0.9146567717996288,0.7840077821011673,0.3018867924528302,0.64,0.2580645161290322,,,,,,,,
Moraxella bovis,466.0,1.0,0.1869158878504672,0.7589285714285714,0.1596477000635717,0.8133047210300429,0.5813652073732719,0.1333333333333333,0.3125,0.1030927835051546,,,,,,,,
Megasphaera elsdenii,766.0,1.0,0.3486238532110092,0.9009750491231974,0.3335990620661793,0.9073107049608355,0.7204055907759611,0.2638888888888889,0.5135135135135135,0.2111111111111111,,,,,,,,
Saponaria officinalis,257.0,1.0,0.5970149253731343,0.936902966314731,0.7100516115688851,0.8949416342412452,0.7528908999497235,0.6451612903225806,0.5555555555555556,0.425531914893617,,,,,,,,
Bat coronavirus hku4,306.0,1.0,0.0652173913043478,0.5868243243243243,0.048853271223311,0.7189542483660131,0.5165540540540541,0.0365853658536585,0.3,0.0337078651685393,,,,,,,,
Mycobacterium leprae,810.0,2.0,0.367461430575035,0.8118623848292131,0.36418643060014605,0.78416766532302,0.7328801512376992,0.2544035674470457,0.6692546583850931,0.22526315789473678,0.027768569247157586,0.008358007636293768,0.06776488987352944,0.00444878708067576,0.013248701221722588,0.03184739571899275,0.03733172447258165,0.020841041971814096
Selenomonas ruminantium,627.0,1.0,0.3243243243243243,0.8892861261676853,0.2021365933739042,0.920255183413078,0.6793045784799908,0.2666666666666666,0.4137931034482758,0.1935483870967742,,,,,,,,
Streptomyces globisporus,110.0,1.0,0.4603174603174603,0.7543635589612601,0.534112211037872,0.3818181818181818,0.5802469135802469,0.2989690721649484,1.0,0.2989690721649484,,,,,,,,
Hapsidospora chrysogena,690.0,2.0,0.4574146783449109,0.885403026777712,0.5532170148766089,0.871136186051201,0.7818762503499054,0.34685314685314683,0.6741935483870968,0.2986270022883295,0.08777435429407157,0.09144285986841752,0.14057481944647893,0.029687303800078783,0.09589680942884397,0.05340386878891406,0.17791719010500234,0.07389292831621433
Shigella sonnei,169.0,1.0,0.7126436781609196,0.9742870500233752,0.9032227010187112,0.8520710059171598,0.9094202898550724,0.5535714285714286,1.0,0.5535714285714286,,,,,,,,
Methanosarcina thermophila,664.0,1.0,0.3157894736842105,0.8627495038010711,0.2660288532362871,0.9021084337349398,0.6446279444257199,0.2884615384615384,0.3488372093023256,0.1875,,,,,,,,
Haloferax mediterranei,229.0,1.0,0.421875,0.8250377073906485,0.4497790068071169,0.6768558951965066,0.72526395173454,0.2872340425531915,0.7941176470588235,0.2673267326732673,,,,,,,,
Mycolicibacterium goodii,313.0,1.0,0.3684210526315789,0.8326469915351178,0.3372841766448357,0.7699680511182109,0.7287805994051704,0.253012048192771,0.6774193548387096,0.2258064516129032,,,,,,,,
Mycolicibacterium paratuberculosis,808.0,3.0,0.7167663659747733,0.9449616012129264,0.8308235213415934,0.8588267842728365,0.8703912755246055,0.600688375051651,0.8894824311490979,0.5590020211565215,0.02654100423446372,0.009613677888862577,0.032741407286561906,0.01728741116434377,0.01988179393695166,0.03154232791496141,0.029185626317477398,0.03186556229859254
Pleurotus cornucopiae,245.0,1.0,0.375,0.7283720930232558,0.2321174235438252,0.7959183673469388,0.6686046511627908,0.3,0.5,0.2307692307692307,,,,,,,,
Hydrogenophaga pseudoflava,287.0,1.0,0.6141732283464567,0.9257322175732215,0.760015747828448,0.8292682926829268,0.8225679916317992,0.4936708860759494,0.8125,0.4431818181818182,,,,,,,,
Paenibacillus barcinonensis,331.0,1.0,0.5423728813559322,0.9340982641953516,0.5787519859809148,0.918429003021148,0.8296557811120918,0.4324324324324324,0.7272727272727273,0.3720930232558139,,,,,,,,
Erythrobacter litoralis,108.0,1.0,0.6476190476190476,0.9322896281800392,0.89094413099348,0.6574074074074074,0.7391389432485322,0.4857142857142857,0.9714285714285714,0.4788732394366197,,,,,,,,
Desulfocurvibacter africanus,9844.0,4.0,0.20833425623138735,0.916459991473464,0.1824313319224028,0.934377476619391,0.7051527939668767,0.13409128891727692,0.46712623581620044,0.1162908720828979,0.006565266415750022,0.003104014026586526,0.014786336527940223,0.003260271101050711,0.009829122587470433,0.004277647523116121,0.020193046933022332,0.004085262964120774
Streptococcus uberis,288.0,1.0,0.419047619047619,0.9470266575529732,0.6431910361950142,0.7881944444444444,0.8853383458646616,0.2650602409638554,1.0,0.2650602409638554,,,,,,,,
Severe acute respiratory,2952.0,7.0,0.23614759263915666,0.7354742470743378,0.19687830138576148,0.7298905124782837,0.6452761577125933,0.15158303136895088,0.5465083630108261,0.1350839343216186,0.06235814373641369,0.047164990975620796,0.048273042653707736,0.04187458953146163,0.058161902763031605,0.041646572492874,0.15093233188966593,0.03968581797758789
Alicyclobacillus acidocaldarius,22284.0,12.0,0.18416378573920614,0.8562737964030619,0.11640858440613815,0.9276162268892477,0.6480681833382101,0.1247142794093289,0.3549761766560188,0.10158605803787914,0.023292689239584108,0.011234544382147004,0.009086460696230645,0.0038930878425690093,0.021765892058569564,0.017415479710173168,0.04371355743366312,0.014045380229579423
Wolinella succinogenes,2296.0,1.0,0.0279720279720279,0.7811549570573271,0.0246288665765159,0.9394599303135888,0.517521375695786,0.0166666666666666,0.0869565217391304,0.0141843971631205,,,,,,,,
Babesia bovis,2002.0,3.0,0.2536014695217796,0.7538035149566689,0.19861927779313193,0.8519955289934219,0.6506324274484401,0.18328022713564876,0.42196969696969694,0.14965298631965296,0.13268635840866158,0.11588223351267564,0.10502575162812737,0.04587236305002334,0.12555091914500272,0.08559700316187355,0.28071938774450084,0.08772241893426051
Bothrops jararacussu,242.0,1.0,0.532258064516129,0.8508663366336633,0.5223922823364342,0.7603305785123967,0.7862623762376237,0.3928571428571428,0.825,0.3626373626373626,,,,,,,,
Shewanella frigidimarina,1128.0,1.0,0.4084507042253521,0.919395116537181,0.3942116249819297,0.851063829787234,0.8519422863485017,0.2685185185185185,0.8529411764705882,0.2566371681415929,,,,,,,,
Vibrio vulnificus,218.0,1.0,0.6814814814814815,0.9704656862745098,0.926862042284066,0.8027522935779816,0.8585784313725491,0.5287356321839081,0.9583333333333334,0.5168539325842697,,,,,,,,
Streptomyces galilaeus,1130.0,2.0,0.2515673981191222,0.7997960965452605,0.17651537329882885,0.768141592920354,0.7199530117394123,0.15529645249317786,0.6654377880184332,0.1441025641025641,0.03435785300436203,0.0028042146515015152,0.01172700465132182,0.012515164268788471,0.020383859218275742,0.02455840966661292,0.028675298038901485,0.022482369453110752
Streptantibioticus cattleyicolor,1746.0,2.0,0.3098774836539072,0.8891725625871083,0.23884754673399877,0.8596792668957618,0.7817906963560188,0.19931208318017113,0.6961538461538461,0.1833637050535579,0.009201859337474954,0.0027490671044920227,0.007508747864684969,0.0024299202102631198,0.003935944683098198,0.007166497335976697,0.0054392829322041925,0.006442814798135154
Streptococcus thermophilus,1640.0,2.0,0.4114057050880801,0.9579922271466822,0.4772986059668881,0.848170731707317,0.9198431534498943,0.2592769803296119,1.0,0.2592769803296119,0.03480839515722023,0.0008994636846454034,0.003367617902260544,0.00948557877201467,0.004643515837418467,0.027592577213765374,0.0,0.027592577213765374
Cryphonectria parasitica,10540.0,32.0,0.5056854848882604,0.9377430850412696,0.6009104475891981,0.8594656457996346,0.8794528273369377,0.3613377287884133,0.9020879328048964,0.345236839018165,0.10931054626241046,0.03792482773803219,0.13167725381189724,0.0315666266117346,0.04311535304464018,0.10900223015008283,0.07483060087206074,0.09674516247977924
Human rhinovirus 14,12059.0,15.0,0.3106846730231906,0.8581573915858202,0.22014132057889638,0.8968404139534788,0.7315418012738265,0.21725875635961023,0.5508075691103875,0.1840842434003096,0.02124124556731495,0.016749598553220172,0.04784778100030563,0.004738121651427814,0.017131265496391504,0.02024644704009196,0.036121934266260355,0.01471330059085181
Rotavirus a (strain,615.0,2.0,0.4637789395070948,0.9512931496178003,0.6601414320420111,0.8308779982232751,0.8791604589642469,0.3082579185520362,0.9365217391304348,0.3018987341772152,0.0031685143294393394,0.009551799961906781,0.046101636618108364,0.014186107321702278,0.007205220371582298,0.0007998945488535578,0.0332032749426726,0.0026852156247590556
Advenella mimigardefordensis,1562.0,2.0,0.356911248537523,0.8642401749266743,0.2634909240461837,0.8578745198463509,0.7768151460999603,0.24338235294117647,0.6849624060150377,0.21822643005849113,0.06679872183296613,0.010470432468834888,0.06615135650397981,0.007243091228543385,0.0024025129775420394,0.06135191189706807,0.0010633184679496876,0.049526216011529255
Onchocerca volvulus,832.0,1.0,0.2921348314606741,0.9053140096618356,0.2203994728827542,0.924278846153846,0.7103059581320451,0.2096774193548387,0.4814814814814814,0.1710526315789473,,,,,,,,
Wesselsbron virus,812.0,3.0,0.7301140803250507,0.9565461760990708,0.7738035926716001,0.9198075948337872,0.8922200812611342,0.6381950868537363,0.8551587301587302,0.5751633986928105,0.01840591575475598,0.00448089689414968,0.06560038979514675,0.006880283923192834,0.005797778493759906,0.037470491112866475,0.020904074906453827,0.02264118702704413
Streptomyces bikiniensis,1196.0,2.0,0.27787716159809184,0.8526847531952425,0.23029780104418102,0.8436548351104437,0.7230256771398665,0.1823007042972338,0.5887445887445888,0.16170555108608203,0.04216498397057534,0.017843418940309302,0.055169637166876,0.007907428119912338,0.01660599905889035,0.033778296784250685,0.02448854653459908,0.028443555156337376
Aegilops tauschii,664.0,1.0,0.0458015267175572,0.5416666666666666,0.044332987740767,0.8117469879518072,0.4749550763701707,0.029126213592233,0.1071428571428571,0.0234375,,,,,,,,
Leishmania donovani,696.0,2.0,0.6962962962962963,0.9668116656527668,0.8464369160613989,0.9123669123669125,0.9010213580453519,0.5749167591564928,0.8864864864864865,0.5438596491228069,0.1466591842460988,0.03286040365867735,0.12473985093258334,0.047487924698850936,0.08025508131840002,0.147542813388536,0.12231036215118661,0.17367534976511698
Yellow fever virus,261.0,1.0,0.6746987951807228,0.945414847161572,0.7387217476939256,0.896551724137931,0.8872816593886463,0.5490196078431373,0.875,0.509090909090909,,,,,,,,
Winmispira thermophila,394.0,2.0,0.3952064896755162,0.7224789922151951,0.3464781527722658,0.6421319796954315,0.6778949927275083,0.27118879178804267,0.7303427419354839,0.24633447880870554,0.01679117872729117,0.036242147682224814,0.04187705362266979,0.025125621666527067,0.008092740258145303,0.018047946696951707,0.01639461287025262,0.01304057179507836
Micromonospora griseorubida,1180.0,3.0,0.35988553357244785,0.8556774877894031,0.41005751227556203,0.7898395353543181,0.7643678699042616,0.23874483668298097,0.7342261904761905,0.220123546381408,0.04839884496031544,0.01713516870254453,0.04280166645216918,0.009983097686144082,0.029420958337111718,0.03720581755302513,0.05188055764835957,0.03540206234063503
Canis lupus,3732.0,10.0,0.42477054782195617,0.9206341731353842,0.5190682453990375,0.779408306515455,0.831128215906989,0.28606299779224487,0.8965569428832485,0.2800416632757587,0.1441956999547743,0.039711132426478515,0.2457518060296196,0.033370674066671005,0.048159679528368735,0.1238293074187333,0.07713326871598193,0.12611808269492528
Leishmania mexicana,4073.0,3.0,0.24651319773270988,0.8741275083658119,0.1670188740134574,0.9075458026272218,0.7110158889697759,0.16405156706934296,0.5045625335480408,0.14282231972698659,0.09634034875414246,0.03101174266747676,0.06239037039881129,0.05398256124655645,0.07123677810623476,0.06772730952951157,0.18553026263252018,0.06110085547487622
Mycoplasma mycoides,1161.0,1.0,0.2184873949579832,0.7873070682697508,0.1689607486899844,0.9198966408268734,0.6229874776386404,0.1710526315789473,0.3023255813953488,0.1226415094339622,,,,,,,,
Physarum polycephalum,486.0,1.0,0.4,0.8465881063305015,0.2790859769388268,0.8148148148148148,0.7770896135927652,0.2752293577981651,0.7317073170731707,0.25,,,,,,,,
Jacaratia mexicana,847.0,1.0,0.1702127659574468,0.8604890846060151,0.1284421846076897,0.9079102715466352,0.6173053499484681,0.1176470588235294,0.3076923076923077,0.0930232558139534,,,,,,,,
Neurospora crassa,621.0,2.0,0.34895942821105735,0.8999224689875951,0.40416554094907864,0.855092832693704,0.7960121548619448,0.22930283224400871,0.7297794117647058,0.212037037037037,0.055296136767163336,0.03390165314962512,0.025449859473235626,0.017888532717705546,0.06450510165010842,0.03620263476663151,0.11698457776983322,0.040593167068116616
Achromobacter obae,848.0,1.0,0.1182266009852216,0.9137254901960784,0.2677332868987061,0.7889150943396226,0.7943577430972389,0.0638297872340425,0.8,0.06282722513089,,,,,,,,
Aequorea victoria,1130.0,3.0,0.40994804638652044,0.7850650561615798,0.3349065826097426,0.8098114666742117,0.7204550791767951,0.31018585850644964,0.6057692307692307,0.2589774760932049,0.05966722102413845,0.04211534441182724,0.04197328588880297,0.030353623406035927,0.05739972605145655,0.04496787608983133,0.09758549581819441,0.0462464858510987
Lolium perenne,1060.0,2.0,0.2859323882224645,0.8988130289611826,0.2906530670334959,0.7979904982023627,0.7965691175945435,0.174202992843201,0.8,0.16810344827586204,0.08050376003912275,0.028841878842917987,0.19479171096024295,0.08393942208615346,0.08935988403392538,0.046235674371664315,0.28284271247461906,0.054861733023094196
Trametes ochracea,577.0,1.0,0.6363636363636364,0.9416033598912976,0.7519290859238175,0.902946273830156,0.8480328577604842,0.5384615384615384,0.7777777777777778,0.4666666666666667,,,,,,,,
Xanthomonas campestris,994.0,3.0,0.47892107892107894,0.9191380572553906,0.6919165708304127,0.8792875429209284,0.8248251787146704,0.3509209744503861,0.7603815937149271,0.3158032113297465,0.04970627605549713,0.04511940607404078,0.102844384486862,0.013670731338887616,0.05756732913218425,0.035839665163697146,0.113487660945888,0.043476407024253295
Sphingobium sp.,271.0,1.0,0.746268656716418,0.9684092089319716,0.91054920590922,0.8745387453874539,0.9005971957763546,0.6172839506172839,0.9433962264150944,0.5952380952380952,,,,,,,,
Xylella fastidiosa,322.0,1.0,0.4299065420560747,0.8264907560107629,0.4491571782596913,0.8105590062111802,0.7039753493620347,0.3484848484848485,0.5609756097560976,0.2738095238095238,,,,,,,,
Lassa virus (strain,1033.0,2.0,0.4935750636132315,0.9465896184646185,0.5964405360473404,0.8770541885955048,0.8696776103026104,0.3463032581453634,0.8611111111111112,0.3277080062794348,0.014483993863999258,0.008424014576246067,0.02198697069270234,0.004275423350478683,0.03404349998877884,0.0015063678295954626,0.07856742013183857,0.01276566402456095
Streptomyces asoensis,678.0,1.0,0.4427480916030534,0.9123888729566964,0.4703966590140738,0.8923303834808259,0.7838041296243189,0.3333333333333333,0.6590909090909091,0.284313725490196,,,,,,,,
Neotermes koshunensis,1417.0,3.0,0.521560338567295,0.975816572731154,0.692337920343363,0.9068393831894029,0.9067997471151714,0.36673881673881664,0.9063936859635785,0.3528586735240544,0.01398377137874711,0.007296245261398514,0.055200902280400026,0.00978727576685527,0.03344662358384239,0.014955963377996002,0.0603374934353583,0.012863417333804531
Desulfotalea psychrophila,401.0,1.0,0.3417721518987341,0.7885041551246538,0.4410445298568477,0.7406483790523691,0.7114612188365651,0.2288135593220339,0.675,0.2061068702290076,,,,,,,,
Rhodococcus erythropolis,401.0,1.0,0.45,0.9426329555361814,0.6432217658736162,0.8354114713216958,0.8517000871839582,0.3033707865168539,0.8709677419354839,0.2903225806451613,,,,,,,,
Ureaplasma parvum,1594.0,2.0,0.0971874129768866,0.6762497485057883,0.07886326549990955,0.8638508960844322,0.5412868761604522,0.06563467492260056,0.1922196796338672,0.051230769230769205,0.03268719734808325,0.008263273021044489,0.013373280849606504,0.015324164604057318,0.00931743141593877,0.026270220972874823,0.025889493132688214,0.018058419334918027
Poliovirus type 3,843.0,1.0,0.2181818181818181,0.7829031051253273,0.1145686532470853,0.8979833926453143,0.6416947250280584,0.1558441558441558,0.3636363636363636,0.1224489795918367,,,,,,,,
Coffea canephora,1377.0,1.0,0.1904761904761904,0.8753003562846963,0.1224812239177161,0.9135802469135802,0.6582774049217003,0.1261261261261261,0.3888888888888889,0.1052631578947368,,,,,,,,
Betula pendula,954.0,6.0,0.5433975275453381,0.8702374363040254,0.6675404016340826,0.750524109014675,0.7889171633934747,0.4014865299043098,0.8479729216079791,0.3758534314901518,0.07003613213735292,0.03309258302242892,0.06346114105914276,0.0363838878824598,0.038400037228509515,0.06781589101762248,0.05010242187759885,0.06982206168809503
Human herpesvirus 1,4046.0,9.0,0.35916495240737745,0.8320212319260339,0.3320468854387765,0.8679330490308317,0.7265336473666465,0.2654649547947104,0.5650653068527465,0.22843090691551993,0.15252779521045082,0.10193188974301053,0.1733248572797151,0.03285571237032465,0.11760985755544423,0.11290310216791198,0.24185825164753977,0.11551209417898088
Kamptonema sp.,1134.0,1.0,0.3027027027027027,0.9001890783232918,0.2427814411424235,0.8862433862433863,0.6953755928727087,0.2204724409448819,0.4827586206896552,0.1783439490445859,,,,,,,,
Amycolatopsis sp,367.0,1.0,0.5252525252525253,0.967741935483871,0.6770432215551135,0.8719346049046321,0.93108504398827,0.3561643835616438,1.0,0.3561643835616438,,,,,,,,
Datura stramonium,503.0,1.0,0.4588235294117647,0.9139252789907812,0.4678831757244313,0.8170974155069582,0.8394468704512372,0.312,0.8666666666666667,0.2977099236641221,,,,,,,,
Crotalus atrox,804.0,2.0,0.1961152882205513,0.6861615486400392,0.11772155122386904,0.7475247524752475,0.5996920689373519,0.1276315789473684,0.42727272727272725,0.10901386748844374,0.04164663999469639,0.014517069132617067,0.022429175274994346,0.003500528619735387,0.018420700546568417,0.03163372442150347,0.038569460791993436,0.02560402058225558
Kluyveromyces marxianus,390.0,1.0,0.5825242718446602,0.959517514871117,0.6830626871543287,0.8897435897435897,0.8864011896893589,0.4347826086956521,0.8823529411764706,0.410958904109589,,,,,,,,
Idiomarina loihiensis,416.0,1.0,0.4084507042253521,0.9066381834005856,0.4205135877661844,0.7980769230769231,0.8349552970962892,0.2660550458715596,0.8787878787878788,0.2566371681415929,,,,,,,,
Alcaligenes sp.,2505.0,5.0,0.40702148965796664,0.9417473284812713,0.5339863647874791,0.8602788434889694,0.8660063182955314,0.2752071195304278,0.8715434338742609,0.26142409541136036,0.11965295673508337,0.0075817791341044015,0.14338708018622748,0.01485677331003912,0.012393353105075373,0.11276659662680812,0.037311146746381106,0.09850067104801839
Trichosurus vulpecula,569.0,1.0,0.0555555555555555,0.6198830409356726,0.0531184044826141,0.7609841827768014,0.5004033071183707,0.0317460317460317,0.2222222222222222,0.0285714285714285,,,,,,,,
Rhodotorula toruloides,726.0,2.0,0.40891265597147947,0.9258486446223608,0.5224402709355576,0.7575757575757576,0.8588815542078887,0.30238095238095236,0.9776119402985074,0.295876887340302,0.3897280155844572,0.037620824744845315,0.4475290345193257,0.11298124878462747,0.03413316367228669,0.3266159894052148,0.031661497665069385,0.31741785241417037
Saccharopolyspora spinosa,739.0,2.0,0.44259259259259254,0.9140207975249914,0.43455846606582754,0.8511609170145755,0.8246553203449756,0.31373749744845886,0.7902187902187903,0.28440522653996264,0.02880805404834079,0.020964731393223784,0.05586286172839584,0.011197281629863855,0.07903551919333507,0.054270698045752554,0.1619884260633275,0.023758211891216085
Mycobacterium bovis,331.0,1.0,0.4812030075187969,0.9258268964151316,0.630183358058064,0.7915407854984894,0.8577936224995049,0.3232323232323232,0.9411764705882352,0.3168316831683168,,,,,,,,
Streptomyces lasalocidi,281.0,1.0,0.2608695652173913,0.6743272207668493,0.1923802921141479,0.697508896797153,0.586984996427721,0.1851851851851851,0.4411764705882353,0.15,,,,,,,,
Epstein-barr virus (strain,240.0,1.0,0.4761904761904761,0.8885994790623122,0.3860743612739562,0.8625,0.7684832698857944,0.375,0.6521739130434783,0.3125,,,,,,,,
Momordica charantia,246.0,1.0,0.676923076923077,0.9551426426426426,0.7528301813420228,0.9146341463414634,0.9155405405405406,0.5365853658536586,0.9166666666666666,0.5116279069767442,,,,,,,,
Lactobacillus delbrueckii,664.0,1.0,0.3711340206185567,0.8586305445718984,0.2991858202694899,0.908132530120482,0.6890146028266061,0.3214285714285714,0.4390243902439024,0.2278481012658227,,,,,,,,
Thalictrum flavum,352.0,1.0,0.4427480916030534,0.8686644469108398,0.3755658935836684,0.7926136363636364,0.8195523492415835,0.2989690721649484,0.8529411764705882,0.284313725490196,,,,,,,,
Mycoplasma pneumoniae,164.0,1.0,0.5263157894736842,0.9167733674775927,0.6807764041044109,0.7804878048780488,0.8348271446862996,0.3703703703703703,0.9090909090909092,0.3571428571428571,,,,,,,,
Halobacterium salinarum,1367.0,1.0,0.025,0.7027175268012964,0.0464403113839941,0.9429407461594732,0.4983420593368237,0.02,0.0333333333333333,0.0126582278481012,,,,,,,,
Ricinus communis,526.0,2.0,0.6352380952380952,0.9623289326414326,0.728603827218284,0.899022330209418,0.8952342796092796,0.4992997198879552,0.8898809523809523,0.4658346972176759,0.03097801136626783,0.0016521102424699194,0.0034715901319385205,0.016157999454395784,0.034087252264617104,0.06833384860206139,0.09680628551958692,0.033272209425717215
Streptomyces lavendulae,1022.0,2.0,0.29450655126818126,0.8069050535569797,0.27684670400527756,0.793152917006128,0.7275704995654649,0.2028577614202208,0.6428571428571428,0.1735318444995864,0.06493924520092828,0.1285638321403033,0.016117673943913564,0.04601165941835882,0.11157025723351886,0.0780741412438058,0.20203050891044214,0.04468400172262386
Sorangium cellulosum,804.0,2.0,0.5781557329630915,0.9668848202498417,0.8036502793025424,0.8619549142033254,0.9011139473302656,0.41561080564188374,0.95,0.40670787545787546,0.015544404538406166,0.00027587001356933804,0.0047662515444790755,0.008309225555671977,0.00459468589837188,0.016059083005671063,0.0,0.015378924957125027
Streptococcus anginosus,772.0,1.0,0.425531914893617,0.952068236714976,0.4512286825135863,0.8950777202072538,0.865715579710145,0.2857142857142857,0.8333333333333334,0.2702702702702703,,,,,,,,
Pyrobaculum neutrophilum,383.0,1.0,0.4038461538461538,0.9604051565377532,0.5688925552875216,0.8381201044386423,0.9143646408839778,0.253012048192771,1.0,0.253012048192771,,,,,,,,
Oncorhynchus mykiss,129.0,1.0,0.5647058823529412,0.913076923076923,0.7111126512554362,0.7131782945736435,0.8069230769230769,0.4,0.96,0.3934426229508196,,,,,,,,
Human enterovirus d68,527.0,1.0,0.2941176470588235,0.7856091277143908,0.2446828343177706,0.8633776091081594,0.6726168568273831,0.217391304347826,0.4545454545454545,0.1724137931034483,,,,,,,,
Trichormus variabilis,388.0,1.0,0.2644628099173554,0.762756052141527,0.2599457307454049,0.770618556701031,0.6619180633147114,0.1758241758241758,0.5333333333333333,0.1523809523809524,,,,,,,,
Columba livia,555.0,1.0,0.5419354838709678,0.9015272727272728,0.625728450230459,0.872072072072072,0.8238181818181818,0.42,0.7636363636363637,0.3716814159292035,,,,,,,,
Slackia exigua,650.0,1.0,0.3956043956043956,0.8198803704656548,0.3247565556699411,0.8307692307692308,0.7675585284280937,0.2769230769230769,0.6923076923076923,0.2465753424657534,,,,,,,,
Xanthomonas oryzae,347.0,1.0,0.3622047244094488,0.8447916666666666,0.3322587350182148,0.7665706051873199,0.805613425925926,0.23,0.8518518518518519,0.2211538461538461,,,,,,,,
Lacticaseibacillus paracasei,330.0,1.0,0.5689655172413793,0.8788590875941982,0.5310141047471153,0.8484848484848485,0.8140345190827324,0.4520547945205479,0.7674418604651163,0.3975903614457831,,,,,,,,
Flaveria bidentis,374.0,1.0,0.6442953020134228,0.9329514824797844,0.7570797959324168,0.8582887700534759,0.8578167115902965,0.5161290322580645,0.8571428571428571,0.4752475247524752,,,,,,,,
Auricularia auricula-judae,446.0,1.0,0.2857142857142857,0.9471966205837172,0.2418423577849883,0.8766816143497758,0.896121351766513,0.1692307692307692,0.9166666666666666,0.1666666666666666,,,,,,,,
Streptomyces pactum,771.0,1.0,0.2526315789473684,0.9236448115642748,0.275274856380392,0.8158236057068742,0.8675787299948374,0.1463414634146341,0.9230769230769232,0.144578313253012,,,,,,,,
Fragaria ananassa,317.0,1.0,0.2368421052631578,0.7879692832764505,0.3600629369488972,0.6340694006309149,0.6872866894197952,0.140625,0.75,0.1343283582089552,,,,,,,,
Lentzea aerocolonigenes,251.0,1.0,0.492063492063492,0.962043378995434,0.8738620181258081,0.7450199203187251,0.8405393835616438,0.3297872340425531,0.96875,0.3263157894736842,,,,,,,,
Colwellia psychrerythraea,606.0,1.0,0.4793388429752066,0.9338483620398512,0.5966646889827562,0.8960396039603961,0.8009118541033435,0.3670886075949367,0.6904761904761905,0.3152173913043478,,,,,,,,
Ehrlichia chaffeensis,172.0,1.0,0.5581395348837209,0.9296628029504744,0.7932813868993376,0.7790697674418605,0.8382507903055849,0.4,0.9230769230769232,0.3870967741935484,,,,,,,,
Paraburkholderia phymatum,509.0,1.0,0.3435582822085889,0.8922242314647377,0.3935543620538285,0.7897838899803536,0.7945147679324895,0.21875,0.8,0.2074074074074074,,,,,,,,
Niallia circulans,684.0,1.0,0.2706766917293233,0.8341624477217697,0.2155116475906535,0.8581871345029239,0.6955095751705921,0.1836734693877551,0.5142857142857142,0.1565217391304348,,,,,,,,
Phaeodactylum tricornutum,136.0,1.0,0.5901639344262295,0.8703007518796992,0.754844291196101,0.6323529411764706,0.7287862513426423,0.4285714285714285,0.9473684210526316,0.4186046511627907,,,,,,,,
Thermococcus sibiricus,234.0,1.0,0.6,0.8913791306160742,0.7791697848515329,0.7435897435897436,0.7808818930470134,0.4639175257731959,0.8490566037735849,0.4285714285714285,,,,,,,,
Ambystoma mexicanum,125.0,1.0,0.4444444444444444,0.7718646864686469,0.4033183941779759,0.56,0.6959570957095709,0.2933333333333333,0.9166666666666666,0.2857142857142857,,,,,,,,
Podophyllum peltatum,267.0,1.0,0.556390977443609,0.980258519388954,0.9192391342184656,0.7790262172284644,0.8717391304347826,0.3854166666666667,1.0,0.3854166666666667,,,,,,,,
Schistosoma mansoni,502.0,1.0,0.5379310344827586,0.9392657427668368,0.669162333181421,0.8665338645418327,0.8665937272064187,0.39,0.8666666666666667,0.3679245283018867,,,,,,,,
Equine infectious anemia,208.0,2.0,0.5037167449139279,0.8671184738955824,0.7360302593439823,0.6586538461538461,0.7422332185886402,0.3529411764705882,0.8797619047619047,0.3372377622377622,0.0445399811310775,0.048185087742646134,0.07671293884986115,0.03399551832627636,0.05980792726128901,0.02772967769359008,0.09933166688096735,0.0398056614584035
Human coronavirus 229e,167.0,1.0,0.7435897435897436,0.9520603835169318,0.872167146142196,0.8802395209580839,0.8389432884536924,0.725,0.7631578947368421,0.5918367346938775,,,,,,,,
Vibrio proteolyticus,291.0,1.0,0.4827586206896552,0.8719445953286258,0.5443126063743775,0.8969072164948454,0.7195817490494296,0.4666666666666667,0.5,0.3181818181818182,,,,,,,,
