organism,f1,auc,ap,acc,bacc,prec,rec,jac,n
Homo sapiens,0.46220640004396557,0.901134541219053,0.5681648567316208,0.8668051474313507,0.8176173922131974,0.3321412586553398,0.7597029156420937,0.3005646531869947,1322446.0
Escherichia coli,0.3638584097399669,0.8827297694149092,0.3742510202586691,0.8647638219857646,0.7886103057758196,0.2454437149882132,0.7030421839831554,0.2223880939803863,250362.0
Neisseria meningitidis,0.4418938307030129,0.9076975735443593,0.5159235581346984,0.8347844552983649,0.8266551920076612,0.3028515240904621,0.8169761273209549,0.283609576427256,4709.0
Bos taurus,0.4556591953222887,0.9013790579316607,0.5509339303196972,0.903810671849246,0.810674479633873,0.33648606970288886,0.705539987066178,0.29505093302082397,81298.0
Mycobacterium tuberculosis,0.39631472631423365,0.8766605423530527,0.44222582541662636,0.8449085500917664,0.7936215741049187,0.2714266432716966,0.7340755612338018,0.2471274961597542,79005.0
Thermoplasma acidophilum,0.417910447761194,0.8623285751903469,0.3916056988341555,0.9131241878596621,0.7671220627725652,0.3193916349809886,0.60431654676259,0.2641509433962264,5387.0
Hepatitis c virus,0.3644728945789158,0.8543879962882452,0.3152556885137268,0.8878217577062957,0.7714995045523501,0.25443373830470606,0.6422277053225238,0.22284735812133072,56642.0
Rattus norvegicus,0.4043764988009592,0.901324660199776,0.4587969938755414,0.8807689711298295,0.8018466669160534,0.2822470969766712,0.7128137384412153,0.25342851775314673,133321.0
Capitella teleta,0.2054794520547945,0.7334981484821798,0.1428004938761181,0.7264150943396226,0.6532091207147177,0.12534818941504178,0.569620253164557,0.11450381679389313,1272.0
Pyrococcus horikoshii,0.4018899388549194,0.8817585848853925,0.42444024629615157,0.8558317143431367,0.7883527167396385,0.2802325581395349,0.7102161100196464,0.2514782608695652,14927.0
Human immunodeficiency virus,0.659254317693277,0.960894239880254,0.852597606842473,0.9096164054973359,0.8979968295177061,0.5257951365624877,0.8835099337748344,0.49170720919946925,152583.0
Haemophilus influenzae,0.4391066160977665,0.9045298264350734,0.5173359041684293,0.845555813413785,0.8214458537118835,0.30361305361305363,0.7929984779299848,0.281317494600432,8618.0
Trypanosoma brucei,0.37735094037615047,0.9043394328169836,0.45227454031792685,0.864583786606327,0.8101448595981322,0.25220647231880183,0.7490071485305798,0.23255240443896424,22981.0
Bordetella pertussis,0.0,0.8106757067340842,0.0622400226647434,0.9748663101604278,0.49754366812227074,0.0,0.0,0.0,1870.0
Methylococcus capsulatus,0.44907407407407407,0.9129158512720157,0.5067463059249532,0.9554056586097058,0.7974741349717233,0.3489208633093525,0.6298701298701299,0.28955223880597014,5337.0
Triticum aestivum,0.23972602739726026,0.8143596164618274,0.23605705367409088,0.7867435158501441,0.6826666446999902,0.15217391304347827,0.5645161290322581,0.13618677042801555,1041.0
Pseudomonas putida,0.35271980841601097,0.8968872646614592,0.39882083362038234,0.8508474576271187,0.8099897084738277,0.22926395374694242,0.7642698295033358,0.21412253374870197,25370.0
Limulus polyphemus,0.46,0.8328368090036411,0.39380336663639,0.848314606741573,0.7413108242303873,0.3709677419354839,0.6052631578947368,0.2987012987012987,356.0
Pseudomonas phage,0.19957537154989385,0.8229581090568687,0.11626831013314902,0.9143376505339695,0.6489576629417271,0.13702623906705538,0.3671875,0.11084905660377359,4401.0
Rhodospirillum rubrum,0.42700729927007297,0.8989076264787313,0.4307243252671841,0.8021424070573409,0.8256279889252454,0.2846715328467153,0.8540145985401459,0.271461716937355,1587.0
Cyberlindnera saturnus,0.18006430868167203,0.8577512305735302,0.11600431050870477,0.8130498533724341,0.7500046088896264,0.1037037037037037,0.6829268292682927,0.0989399293286219,1364.0
Medicago sativa,0.2775357809583074,0.8075410827704406,0.25110098255552415,0.8205009276437848,0.7227669119870954,0.17940466613032985,0.6126373626373627,0.1611271676300578,6468.0
Streptomyces cyanogenus,0.5275590551181102,0.9264298311917359,0.603644309698532,0.7660818713450293,0.8348922902494331,0.36813186813186816,0.9305555555555556,0.3582887700534759,513.0
Pseudomonas aeruginosa,0.34608528726175786,0.8674806947420289,0.3429828056531045,0.8809565412745562,0.7752329229071921,0.2347470238095238,0.658320292123109,0.20925219698225833,40061.0
Pseudomonas mevalonii,0.2892690513219285,0.810139084861923,0.18417353798569444,0.8808344198174707,0.6793086071356581,0.21232876712328766,0.45365853658536587,0.1690909090909091,3835.0
Spinacia oleracea,0.42276422764227645,0.8897828290704928,0.39270782848520464,0.8559837728194726,0.8037429819089208,0.29545454545454547,0.7428571428571429,0.26804123711340205,3944.0
Pneumocystis carinii,0.5010799136069114,0.9075100568171436,0.658146116296597,0.816703035112081,0.8206033057391592,0.35968992248062015,0.8256227758007118,0.33429394812680113,5041.0
Mus musculus,0.4319626168224299,0.9035377436503952,0.5063943399538687,0.8893551176443817,0.8055699406922039,0.3103054716347768,0.7105303612605688,0.27547979496960306,109865.0
Thermus thermophilus,0.3498822806837957,0.8678396767860916,0.34797904196758495,0.8927286546744363,0.7499608622529855,0.24836506321755558,0.5917590027700831,0.2120347394540943,59205.0
Chlamydomonas reinhardtii,0.3983402489626556,0.9241831741350941,0.5288933103651187,0.8348519362186788,0.8382268094108596,0.2608695652173913,0.8421052631578947,0.24870466321243523,878.0
Saccharomyces cerevisiae,0.39201548835035716,0.8982497167821452,0.40849055552967584,0.9030448206110934,0.7885677535893985,0.2784257942152679,0.6621560667568787,0.24379307481524537,93930.0
Thermotoga maritima,0.3743025665550773,0.8749057674600649,0.38861778325189505,0.8603401651010533,0.7807423746205955,0.2567804024496938,0.6901822457378013,0.23024122376936654,28104.0
Paraburkholderia xenovorans,0.3924941360437842,0.8550543227754168,0.44716100413019355,0.8568269762299613,0.745168006423818,0.2885057471264368,0.6136919315403423,0.2441634241245136,5427.0
Arabidopsis thaliana,0.38950147538437646,0.8933129537094318,0.4027980925580116,0.8653121359555952,0.7925096677721712,0.2684075342465753,0.7096774193548387,0.24185149469623915,29186.0
Pseudomonas fragi,0.10344827586206896,0.7650880037054192,0.051583612280789726,0.9290586630286494,0.5835514126910607,0.06716417910447761,0.225,0.05454545454545454,2199.0
Ovis aries,0.3451828954147347,0.8754106832027849,0.3170382891823265,0.9240105225397585,0.7316926403394256,0.25749423520368947,0.5234375,0.20859277708592777,16726.0
Panulirus versicolor,0.31675874769797424,0.8998500749625187,0.28647343886660764,0.8885216346153846,0.7615942028985507,0.2123456790123457,0.6231884057971014,0.18818380743982493,3328.0
Macaca fascicularis,0.04040404040404041,0.6228549268008919,0.043603482703533224,0.9133211678832117,0.5026177164463691,0.02857142857142857,0.06896551724137931,0.020618556701030927,1096.0
Candida albicans,0.3753103937566513,0.8918231231993259,0.4901068518468363,0.7773985589685248,0.8140038947666406,0.240236148955495,0.8573743922204214,0.23100436681222708,7911.0
Sus barbatus,0.3383084577114428,0.7991935873291806,0.2416351730164573,0.8252299605781866,0.711212516297262,0.23943661971830985,0.576271186440678,0.20359281437125748,761.0
Penicillium janthinellum,0.6829268292682927,0.9843530927558,0.8901971445969683,0.8993808049535603,0.9388543619842655,0.521415270018622,0.9893992932862191,0.5185185185185185,2584.0
Gallus gallus,0.4447271699180096,0.8852348272347125,0.5223339111448739,0.8754636821914333,0.7978969469287973,0.3242630385487528,0.7076023391812866,0.2859480094528268,31541.0
Clostridium perfringens,0.294010889292196,0.873004092918133,0.24215281021533283,0.9401906519065191,0.6626934957880517,0.24620060790273557,0.36486486486486486,0.1723404255319149,6504.0
Nostoc sp.,0.38811881188118813,0.8564796088054725,0.3730644769530648,0.8202443280977313,0.7632338268209152,0.2692307692307692,0.6950354609929078,0.24078624078624078,1719.0
Bacillus anthracis,0.47075208913649025,0.9203881874348578,0.6146154919113715,0.848072924996002,0.8256573819780475,0.33372827804107424,0.7986767485822306,0.30783242258652094,12506.0
Secale cereale,0.5190839694656488,0.9724725705329154,0.6730861677676693,0.9351851851851852,0.8578076018808778,0.39080459770114945,0.7727272727272727,0.35051546391752575,972.0
Burkholderia vietnamiensis,0.3731656184486373,0.8987495461147422,0.553357626481016,0.7051282051282052,0.8045002723311547,0.2335958005249344,0.9270833333333334,0.22938144329896906,1014.0
Oryctolagus cuniculus,0.3138252756573367,0.8309738870407045,0.23196241186999556,0.8956840495882992,0.7279607250070544,0.2205005959475566,0.5441176470588235,0.18611670020120724,54287.0
Armoracia rusticana,0.23853211009174313,0.8547481988342204,0.2341396366293202,0.9099783080260304,0.6732015495456356,0.16666666666666666,0.41935483870967744,0.13541666666666666,922.0
Saccharolobus solfataricus,0.2479120879120879,0.8371141473637038,0.22535461894748107,0.8906709265175718,0.6970032884828716,0.1661756040070713,0.48788927335640137,0.14149523331660813,15650.0
Rhodococcus sp.,0.0736196319018405,0.8435837919267071,0.08094298220240792,0.9496834388537154,0.5490746149352845,0.05042016806722689,0.13636363636363635,0.03821656050955414,3001.0
Methanothermobacter thermautotrophicus,0.41948579161028415,0.8694746919304153,0.4275070388798091,0.8382352941176471,0.7739165824567408,0.30009680542110356,0.6966292134831461,0.2654109589041096,5304.0
Thermoactinomyces vulgaris,0.33766233766233766,0.8352132345042431,0.3003005144317111,0.9208893485005171,0.6589808122196134,0.31451612903225806,0.3644859813084112,0.203125,1934.0
Geobacillus stearothermophilus,0.3872315035799523,0.8892824491553394,0.4054246816349807,0.8651523109243697,0.7943591538515717,0.26565697912402786,0.713971397139714,0.2401035886052534,15232.0
Lentilactobacillus kefiri,0.706766917293233,0.9788811046806782,0.9470317249534287,0.844,0.8875520357396689,0.5595238095238095,0.9591836734693877,0.5465116279069767,250.0
Aspergillus niger,0.5416666666666666,0.9145020333996712,0.6823038068071456,0.9191770756796473,0.8240719910011249,0.436241610738255,0.7142857142857143,0.37142857142857144,1361.0
Archaeoglobus fulgidus,0.39046598821638995,0.8775829893813346,0.430877523505709,0.8575541369382902,0.7662595877837604,0.27718631178707226,0.6603260869565217,0.2425956738768719,15978.0
Bacillus subtilis,0.3779527559055118,0.8713735664270723,0.3772468771215815,0.8683765898531,0.7785697863649877,0.2621941837205724,0.6767275615567911,0.23300970873786409,42614.0
Schizosaccharomyces pombe,0.26031377106333525,0.8327041014831008,0.24763873803006747,0.9045727136431784,0.6815387861452318,0.1848184818481848,0.4400785854616896,0.14963259853039412,13340.0
Klebsiella pneumoniae,0.3726235741444867,0.9036590794799713,0.4104551995157573,0.8699080157687253,0.8028011585504928,0.2504258943781942,0.7277227722772277,0.22897196261682243,7610.0
Streptomyces clavuligerus,0.2524752475247525,0.8490872323247857,0.16913094896395733,0.9147193787504412,0.6805147822075276,0.17879053461875546,0.42947368421052634,0.14447592067988668,14165.0
Nicotiana tabacum,0.375,0.8659122489643962,0.3729337932324277,0.8248106060606061,0.7726915211577788,0.2545871559633027,0.7115384615384616,0.23076923076923078,2112.0
Crotalus adamanteus,0.5714285714285714,0.8763636363636363,0.5301113092654639,0.8955223880597015,0.7515909090909092,0.5833333333333334,0.56,0.4,201.0
Sus scrofa,0.4073366450133741,0.9072550498082033,0.4773304450289566,0.8535272452545094,0.8099057216451835,0.27828054298642535,0.7596199524940618,0.2557581573896353,31767.0
Sporomusa ovata,0.13870246085011187,0.8373194805194806,0.14257214746154934,0.8050632911392405,0.714935064935065,0.07808564231738035,0.62,0.07451923076923077,1975.0
Leishmania tarentolae,0.125,0.7063492063492063,0.06241777970623948,0.9085820895522388,0.5881226053639848,0.08333333333333333,0.25,0.06666666666666667,1072.0
Zea mays,0.4743868363862155,0.9306231679369107,0.5678057036668549,0.9136004082674152,0.8220631127475263,0.3538675312644743,0.71939736346516,0.31094831094831094,19595.0
Shigella flexneri,0.4666666666666667,0.8568511861969805,0.6919078788697436,0.8133333333333334,0.7872034507548527,0.33793103448275863,0.7538461538461538,0.30434782608695654,600.0
Aeropyrum pernix,0.3520456707897241,0.8688431037519107,0.4613459269525712,0.8678439743838541,0.7436264974235778,0.24865591397849462,0.6026058631921825,0.21362586605080833,5153.0
Acholeplasma laidlawii,0.7008547008547008,0.9688811188811188,0.9038636644515297,0.8535564853556485,0.8838578088578088,0.5616438356164384,0.9318181818181818,0.5394736842105263,239.0
Thermus aquaticus,0.24553224553224554,0.8284402553967771,0.19657841216337374,0.9230281411018628,0.6442195911505375,0.19105199516324062,0.34347826086956523,0.13994685562444642,12615.0
Mycolicibacterium smegmatis,0.3539630836047774,0.883362026798541,0.40115294456310335,0.8357941217055334,0.777261841029216,0.23571945046999276,0.710239651416122,0.21503957783641162,7247.0
Bacillus sp.,0.15355805243445692,0.8311818118911605,0.09451919799635171,0.9041763832944668,0.6401474669967631,0.09738717339667459,0.36283185840707965,0.08316430020283976,4717.0
Synechocystis sp.,0.3157894736842105,0.8179591790775883,0.29673044716656594,0.9094374342797056,0.682883437424934,0.24882629107981222,0.4320652173913043,0.1875,7608.0
Staphylococcus aureus,0.4212181870174435,0.8797672714522081,0.5298756230978867,0.846950735377519,0.7940924911304545,0.2957237502509536,0.7317436661698957,0.26679949284549903,26449.0
Halalkalibacterium halodurans,0.3282051282051282,0.8476070528967254,0.3343555509988172,0.8444180522565321,0.7609151973131822,0.21768707482993196,0.6666666666666666,0.19631901840490798,2526.0
Plasmodium falciparum,0.3703249540159411,0.874756945037256,0.3726049359742847,0.8635578583765112,0.78318007226615,0.2527725465578573,0.6922636103151862,0.2272385252069225,30108.0
Influenza a virus,0.27616926503340755,0.701883310140588,0.24726542329601114,0.8649958460260315,0.6620296550538946,0.20305676855895197,0.43155452436194897,0.16020671834625322,7222.0
-,0.4424778761061947,0.8971031861064171,0.5376795611957308,0.8228806228373703,0.8163558097716062,0.3045923149015933,0.8084577114427861,0.2840909090909091,4624.0
Vigna unguiculata,0.0,0.48671875,0.009871664641751883,0.9881443298969073,0.49921875,0.0,0.0,0.0,1940.0
Pyrobaculum ferrireducens,0.4675324675324675,0.9021632659837631,0.3658084732885473,0.8726708074534162,0.8418059867514485,0.32926829268292684,0.8059701492537313,0.3050847457627119,966.0
Lupinus luteus,0.43824701195219123,0.7989997444602637,0.4413606109749245,0.6974248927038627,0.7386011024714343,0.3021978021978022,0.7971014492753623,0.28061224489795916,466.0
Hepacivirus hominis,0.41685144124168516,0.8553479495828156,0.3360139567137973,0.857914640734738,0.7930809515355939,0.29375,0.7175572519083969,0.26330532212885155,1851.0
Elephantulus edwardii,0.2183406113537118,0.9106803250345781,0.162653024710781,0.9094129554655871,0.719960235131397,0.13812154696132597,0.5208333333333334,0.12254901960784313,1976.0
Leishmania major,0.503562945368171,0.915602574882029,0.5661831365359256,0.8661400512382579,0.8162131426409536,0.37767220902612825,0.7553444180522565,0.33650793650793653,4684.0
Rhizobium meliloti,0.48699763593380613,0.8910533910533911,0.5592586794686353,0.8432647165041531,0.7804411461554319,0.37318840579710144,0.7006802721088435,0.321875,2769.0
Caenorhabditis elegans,0.3826879271070615,0.9093444697352572,0.5027516719294414,0.8135534915720675,0.8378920128742481,0.24561403508771928,0.865979381443299,0.23661971830985915,2907.0
Azotobacter vinelandii,0.3225806451612903,0.8581807544382954,0.3353053417313935,0.8293313631326191,0.7551456413109157,0.21235521235521235,0.6707317073170732,0.19230769230769232,2707.0
Helicobacter pylori,0.37342419080068145,0.8715836009839794,0.4178540312683718,0.8239180390654921,0.778694689615246,0.25137614678899084,0.7258278145695364,0.22957687473816507,10444.0
Acidaminococcus fermentans,0.324,0.815908766419189,0.29133393321727225,0.8201170835550825,0.7333108759280411,0.21774193548387097,0.6328125,0.19331742243436753,1879.0
Salmonella typhimurium,0.3456953642384106,0.8778058657503987,0.4121005946163899,0.8364915184112536,0.7926591750931887,0.22524271844660193,0.7430604982206406,0.20896717373899118,24170.0
Aplysia californica,0.4987146529562982,0.9065462753950337,0.5960449565920571,0.8061630218687873,0.8071012039127163,0.36059479553903345,0.8083333333333333,0.3321917808219178,1006.0
Argopecten irradians,0.37158469945355194,0.8948419879265168,0.26361855752692176,0.9459840300610616,0.7338477351361524,0.29310344827586204,0.5074626865671642,0.22818791946308725,2129.0
Cellulomonas sp,0.1890547263681592,0.8956180017226529,0.2122434694751789,0.7957393483709273,0.7937661498708011,0.10734463276836158,0.7916666666666666,0.1043956043956044,798.0
Streptomyces venezuelae,0.41954507160909854,0.9003651737787817,0.4950046955242436,0.8382629107981221,0.8281714368614121,0.282312925170068,0.8163934426229508,0.26545842217484006,4260.0
Campylobacter jejuni,0.3654545454545455,0.8732192890936173,0.40975710191816034,0.8460859977949283,0.7781403177227899,0.24723247232472326,0.7003484320557491,0.2235817575083426,4535.0
Streptomyces sviceus,0.5853658536585366,0.9522486772486772,0.7447746699031209,0.7926829268292683,0.8785714285714286,0.41379310344827586,1.0,0.41379310344827586,246.0
Zymomonas mobilis,0.3295099061522419,0.8857508125009627,0.3640300750144985,0.9028700906344411,0.7669131124562945,0.22443181818181818,0.6196078431372549,0.1972534332084894,6620.0
Paraclostridium sordellii,0.16161616161616163,0.8587627059235892,0.10406925084248089,0.9487970388648982,0.5937609533824044,0.12698412698412698,0.2222222222222222,0.08791208791208792,1621.0
Paenibacillus polymyxa,0.3783783783783784,0.891485436350422,0.3825494300582638,0.8865131578947368,0.7875831609548833,0.2625,0.6774193548387096,0.23333333333333334,608.0
Cupriavidus pinatubonensis,0.6567164179104478,0.9545360038810728,0.8050782959026551,0.8700564971751412,0.8980525330930764,0.5057471264367817,0.9361702127659575,0.4888888888888889,354.0
Sparus aurata,0.18579234972677597,0.6486848645961659,0.11212236713101999,0.8390928725701944,0.5956579999567745,0.13076923076923078,0.32075471698113206,0.10240963855421686,926.0
Spirosoma linguale,0.4146341463414634,0.9214859437751004,0.44377277277759264,0.8215613382899628,0.8346385542168675,0.27419354838709675,0.85,0.26153846153846155,269.0
Chlorobaculum tepidum,0.45454545454545453,0.9195840938001216,0.5125122044537991,0.8257261410788381,0.8383938941430231,0.30973451327433627,0.8536585365853658,0.29411764705882354,482.0
Clostridium cochlearium,0.14193548387096774,0.8332292522596548,0.10361244123508322,0.892914653784219,0.6711092851273623,0.08461538461538462,0.44,0.0763888888888889,1242.0
Solanum habrochaites,0.5959885386819485,0.9577983623536769,0.7463821596284484,0.8635043562439496,0.8958003556702039,0.4369747899159664,0.9369369369369369,0.42448979591836733,1033.0
Plesiocystis pacifica,0.6614173228346457,0.9580128205128204,0.895371034695837,0.8300395256916996,0.8705128205128205,0.5121951219512195,0.9333333333333333,0.49411764705882355,253.0
Streptococcus pneumoniae,0.47956403269754766,0.9020823353499613,0.6153022477974138,0.8606856309263311,0.8153476961314721,0.35013262599469497,0.760806916426513,0.3154121863799283,4113.0
Shewanella oneidensis,0.38881829733163914,0.9394417817874261,0.48736048178496116,0.8707684040838259,0.8724402915945064,0.25,0.8742857142857143,0.24132492113564669,3722.0
Leishmania infantum,0.3978494623655914,0.8948950136422951,0.4039058347121791,0.8429172510518934,0.8132152319190162,0.26714801444043323,0.7789473684210526,0.2483221476510067,1426.0
Aspergillus fumigatus,0.3867595818815331,0.888176659799776,0.38573781517956607,0.889308176100629,0.7734432035852398,0.2764632627646326,0.6434782608695652,0.23974082073434125,6360.0
Pseudomonas fluorescens,0.6042446941323346,0.9458244931636021,0.7322923409128176,0.8827662721893491,0.8745933521923621,0.46449136276391556,0.8642857142857143,0.4329159212880143,2704.0
Parageobacillus thermoglucosidasius,0.2222222222222222,0.76655789219241,0.14783531690723467,0.9370915032679739,0.6114938361131255,0.19298245614035087,0.2619047619047619,0.125,1224.0
Nostoc punctiforme,0.328125,0.8054457619675011,0.38053481194795463,0.6928571428571428,0.7307861220904699,0.2079207920792079,0.7777777777777778,0.19626168224299065,280.0
Arthrobacter sp,0.3469879518072289,0.7781132075471697,0.319439070389148,0.6781472684085511,0.6962533692722372,0.22857142857142856,0.72,0.2099125364431487,842.0
Streptomyces peucetius,0.2706766917293233,0.8428700830651223,0.15295669583790758,0.812015503875969,0.7492242758301694,0.16901408450704225,0.6792452830188679,0.1565217391304348,1032.0
Pisum sativum,0.211306765523633,0.7913952446973447,0.15638849095089238,0.8900374725416721,0.671319395129929,0.1393643031784841,0.4367816091954023,0.11813471502590674,7739.0
Trypanosoma cruzi,0.3981067578227715,0.9097298985832897,0.42828484547367207,0.8287830054603934,0.8327741126481583,0.26112452569851674,0.8373893805309734,0.2485226526592252,13369.0
Streptomyces griseolus,0.35353535353535354,0.8764601585314977,0.41323588112364606,0.8405977584059776,0.7686691697955779,0.23809523809523808,0.6862745098039216,0.2147239263803681,803.0
Saccharopolyspora erythraea,0.49282296650717705,0.8870041393944204,0.5212133742006051,0.8713592233009708,0.7680936647633527,0.40077821011673154,0.639751552795031,0.326984126984127,1648.0
Pyrococcus abyssi,0.4060324825986079,0.8770834769604439,0.4818945898018374,0.7525374577090382,0.8032807967459842,0.26515151515151514,0.8663366336633663,0.2547307132459971,2069.0
Allorhizobium ampelinum,0.449438202247191,0.9729074889867841,0.7185236152736154,0.8016194331983806,0.8920704845814977,0.2898550724637681,1.0,0.2898550724637681,247.0
Aquifex aeolicus,0.3946980854197349,0.8702188136036527,0.3889048545051406,0.8873612570227927,0.7557007999902678,0.2926829268292683,0.6058779201205727,0.24587155963302754,21893.0
Avena sativa,0.5284974093264249,0.7958350629583506,0.6308598430198195,0.6807017543859649,0.7128476546284765,0.4015748031496063,0.7727272727272727,0.3591549295774648,285.0
Cereibacter sphaeroides,0.3635280095351609,0.8529765817421537,0.38462273900881044,0.8135149292823468,0.7663876327522987,0.24419535628502803,0.710955710955711,0.2221412964311726,5727.0
Streptococcus mutans,0.3804780876494024,0.877480040514776,0.41323127646113383,0.8612845673505798,0.7690376416693147,0.26675977653631283,0.6631944444444444,0.23493234932349324,4484.0
Bacillus cereus,0.43851132686084143,0.9058881221715207,0.4756726046370398,0.8632512315270936,0.8358044624370422,0.3014460511679644,0.8041543026706232,0.28082901554404144,5075.0
Lachancea kluyveri,0.234375,0.9364708932970309,0.332775114105619,0.888,0.8612407623492804,0.13636363636363635,0.8333333333333334,0.13274336283185842,875.0
Methanocaldococcus jannaschii,0.3778501628664495,0.8627414162851138,0.34833833184968477,0.857344398340249,0.7629457352945107,0.26564885496183205,0.6541353383458647,0.23293172690763053,12050.0
Entamoeba histolytica,0.4559088182363527,0.9050244774600288,0.4833737065149565,0.8303404414515526,0.8342022594786713,0.3130148270181219,0.8388520971302428,0.29526029526029524,5346.0
Equine herpesvirus 4,0.12903225806451613,0.6716145833333333,0.11308275278426752,0.8780120481927711,0.57578125,0.08695652173913043,0.25,0.06896551724137931,664.0
Plasmodium berghei,0.5042016806722689,0.9558587049742711,0.7241712320865954,0.8176197836166924,0.870979845626072,0.3448275862068966,0.9375,0.33707865168539325,647.0
Yersinia pseudotuberculosis,0.3318777292576419,0.874971318763265,0.29164256412947814,0.9180064308681672,0.7119901910170366,0.25165562913907286,0.48717948717948717,0.19895287958115182,1866.0
Francisella tularensis,0.5050505050505051,0.9391491891618388,0.6073796888851735,0.9172297297297297,0.860886229665798,0.3694581280788177,0.7978723404255319,0.33783783783783783,1776.0
Cryptosporidium parvum,0.4641350210970464,0.8647511052633641,0.4744959303587497,0.9503777025266996,0.7806747295090634,0.3793103448275862,0.5978260869565217,0.3021978021978022,7678.0
Unknown prokaryotic,0.11016949152542373,0.4141623112659698,0.0831424051082909,0.6167883211678832,0.446355981416957,0.07222222222222222,0.23214285714285715,0.05829596412556054,548.0
Pyricularia oryzae,0.5469522240527183,0.8649255967242585,0.5740562362484093,0.782264449722882,0.7870722606066659,0.41708542713567837,0.7942583732057417,0.3764172335600907,1263.0
Medicago truncatula,0.3534971644612476,0.8616805497548223,0.25389846677027866,0.836441893830703,0.7767036753445635,0.23551637279596976,0.7083333333333334,0.21469575200918484,4182.0
Rhodobacter capsulatus,0.30547550432276654,0.860307400263311,0.37191222261155765,0.8664449986145747,0.7492957962095466,0.20267686424474188,0.6198830409356725,0.18027210884353742,3609.0
Geobacillus kaustophilus,0.31487513572204123,0.8617871802670325,0.32158719807404895,0.8534262485481998,0.7808174365720995,0.2030812324929972,0.7004830917874396,0.18685567010309279,4305.0
Elizabethkingia meningoseptica,0.1643835616438356,0.7866279069767441,0.06846401516584852,0.9302059496567505,0.6834717607973422,0.1016949152542373,0.42857142857142855,0.08955223880597014,874.0
Brucella canis,0.7321428571428571,0.9691056910569106,0.906457330709972,0.88,0.8921409214092141,0.6119402985074627,0.9111111111111111,0.5774647887323944,250.0
Azospirillum brasilense,0.39892183288409705,0.8555576512008046,0.35885369676391204,0.7250308261405672,0.7759178926191375,0.26148409893992935,0.8409090909090909,0.24915824915824916,811.0
Burkholderia cepacia,0.46153846153846156,0.9286735870818916,0.5774786188879127,0.7858823529411765,0.8444444444444444,0.308300395256917,0.9176470588235294,0.3,850.0
Methanopyrus kandleri,0.10135135135135136,0.7837293134524004,0.05148596627087381,0.9269431474869542,0.6150253973455677,0.061224489795918366,0.29411764705882354,0.05338078291814947,3641.0
Vaccinia virus,0.19937694704049844,0.6909524282003174,0.1535608033303829,0.815968492660222,0.6114146612065233,0.13530655391120508,0.378698224852071,0.11072664359861592,2793.0
Brucella abortus,0.40641711229946526,0.8784859661748831,0.46901516976613833,0.8521478521478522,0.7723551637279598,0.2900763358778626,0.6785714285714286,0.2550335570469799,3003.0
Adeno-associated virus 6,0.21176470588235294,0.7453980927034819,0.08743114611145973,0.8709055876685935,0.6921157684630739,0.13432835820895522,0.5,0.11842105263157894,519.0
Mycobacterium avium,0.5104166666666666,0.8820754716981132,0.6004306310041383,0.7142857142857143,0.7992206726825266,0.35251798561151076,0.9245283018867925,0.34265734265734266,329.0
Proteus mirabilis,0.08196721311475409,0.42245585102727956,0.059879094951254166,0.7637130801687764,0.4805194805194805,0.056179775280898875,0.15151515151515152,0.042735042735042736,474.0
Burkholderia pseudomallei,0.4332449160035367,0.9119360095023483,0.4596264856035569,0.8343241147583355,0.8287439459178054,0.29411764705882354,0.8221476510067114,0.2765237020316027,3869.0
Coxiella burnetii,0.5159620362381363,0.8972559543777255,0.6155502632206962,0.8328367103694875,0.8173181259085318,0.38137755102040816,0.7973333333333333,0.34767441860465115,3356.0
Corynebacterium glutamicum,0.44,0.897059730193914,0.5246304337503593,0.8442917893359503,0.8115856612304214,0.30756578947368424,0.7727272727272727,0.28205128205128205,3057.0
Vibrio cholerae,0.42282430213464695,0.900474868411332,0.4782972716374548,0.8179935275080906,0.8256143464710706,0.28312259483232544,0.8346839546191248,0.2680895366996356,7725.0
Nematostella vectensis,0.5833333333333334,0.9526464646464646,0.6008176949008097,0.8639455782312925,0.8946969696969698,0.42424242424242425,0.9333333333333333,0.4117647058823529,735.0
Hypocrea jecorina,0.2736842105263158,0.8979823813583405,0.2110033514643266,0.839907192575406,0.8038505257175333,0.16666666666666666,0.7647058823529411,0.15853658536585366,431.0
Viscum album,0.2317596566523605,0.8281550450359275,0.11383546018215392,0.8218905472636816,0.7436873798198563,0.140625,0.6585365853658537,0.13106796116504854,1005.0
Mycobacteroides abscessus,0.41472868217054265,0.8915457797696268,0.5890651732584746,0.8116032439176544,0.7926789715768369,0.2838196286472148,0.7697841726618705,0.2616136919315403,1603.0
Penaeus vannamei,0.23639774859287055,0.7610790328401299,0.1715563052349913,0.5390713476783692,0.7166095272464814,0.13548387096774195,0.9264705882352942,0.13404255319148936,883.0
Alcaligenes faecalis,0.5819397993311036,0.9505363756740678,0.7771670820429577,0.8843663274745606,0.852640618703103,0.453125,0.8130841121495327,0.41037735849056606,1081.0
Salmonella enteritidis,0.3611111111111111,0.75001269357705,0.2903584116434687,0.6054888507718696,0.7018151815181518,0.23049645390070922,0.8333333333333334,0.22033898305084745,583.0
Bothrops pirajai,0.3686635944700461,0.7848837209302325,0.3578185963408267,0.7169421487603306,0.7273471145564169,0.24539877300613497,0.7407407407407407,0.22598870056497175,484.0
Moritella profunda,0.4107744107744108,0.8947845804988662,0.5857239983341532,0.6376811594202898,0.7781746031746032,0.2606837606837607,0.9682539682539683,0.2584745762711864,483.0
Enterococcus faecalis,0.3527777777777778,0.8635804088799082,0.3879788743225536,0.8630016169337057,0.7706581542613931,0.23984891406987724,0.6666666666666666,0.21416526138279932,6803.0
Desulfovibrio desulfuricans,0.620253164556962,0.9481916480238628,0.7217918294554909,0.8816568047337278,0.8535234899328858,0.5,0.8166666666666667,0.44954128440366975,1014.0
Streptomyces sp.,0.49056603773584906,0.9268335236645096,0.5811179191203885,0.8640061991476172,0.831890979888339,0.3550420168067227,0.7934272300469484,0.325,2581.0
Brassica napus,0.7286821705426356,0.9774659863945578,0.924356553395749,0.8565573770491803,0.9028486394557823,0.5802469135802469,0.9791666666666666,0.573170731707317,244.0
Bacillus licheniformis,0.5631067961165048,0.9361122807017543,0.6469238643234344,0.8402366863905325,0.8732280701754386,0.40654205607476634,0.9157894736842105,0.3918918918918919,845.0
Sporosarcina globispora,0.6265060240963856,0.8758932324506095,0.7546545615178101,0.7142857142857143,0.7563577133249264,0.49523809523809526,0.8524590163934426,0.45614035087719296,217.0
Scheffersomyces stipitis,0.6666666666666666,0.964172813487882,0.7343366032196016,0.9158415841584159,0.8961714085001756,0.5396825396825397,0.8717948717948718,0.5,404.0
Thermomyces lanuginosus,0.27586206896551724,0.8593837535014005,0.24504780856537112,0.8438661710037175,0.715126050420168,0.18181818181818182,0.5714285714285714,0.16,269.0
Enterobacteria phage,0.4645161290322581,0.8973042929292929,0.6225653653297626,0.8130630630630631,0.8153409090909092,0.32432432432432434,0.8181818181818182,0.3025210084033613,1332.0
Talaromyces funiculosus,0.49411764705882355,0.9296169021254932,0.477659570516429,0.8647798742138365,0.8253150057273768,0.3620689655172414,0.7777777777777778,0.328125,318.0
Stenotrophomonas maltophilia,0.25925925925925924,0.8880812599012207,0.26596324012075656,0.849624060150376,0.7619047619047619,0.16091954022988506,0.6666666666666666,0.14893617021276595,532.0
Alcaligenes xylosoxydans,0.3181818181818182,0.8996138996138996,0.5932940486614722,0.52,0.7297297297297297,0.1891891891891892,1.0,0.1891891891891892,125.0
Coprinopsis cinerea,0.4485981308411215,0.8798426909882018,0.5239153904042438,0.8361111111111111,0.7531168939837671,0.34285714285714286,0.6486486486486487,0.2891566265060241,360.0
Thermovibrio ammonificans,0.6666666666666666,0.9516806722689076,0.7639664691917525,0.92,0.8918067226890756,0.5454545454545454,0.8571428571428571,0.5,225.0
Ralstonia sp.,0.6618705035971223,0.9825870646766169,0.9336630688440019,0.8097165991902834,0.8830845771144278,0.4946236559139785,1.0,0.4946236559139785,247.0
Bdellovibrio bacteriovorus,0.49056603773584906,0.8614984960350014,0.5389429605207731,0.7809330628803245,0.7695002734481815,0.36363636363636365,0.7536231884057971,0.325,493.0
Bothrops asper,0.4717948717948718,0.7957506309255848,0.5231331669797588,0.7674943566591422,0.690027965350249,0.40350877192982454,0.5679012345679012,0.3087248322147651,443.0
Paramecium bursaria chlorella,0.42201834862385323,0.8876811594202898,0.680236995638045,0.47058823529411764,0.671875,0.26744186046511625,1.0,0.26744186046511625,119.0
Bothrops moojeni,0.23255813953488372,0.659846547314578,0.15764979298154605,0.5942622950819673,0.6202046035805626,0.14150943396226415,0.6521739130434783,0.13157894736842105,244.0
Enterobacter sp.,0.12698412698412698,0.5055650684931507,0.11174712092433767,0.6604938271604939,0.4777397260273973,0.0851063829787234,0.25,0.06779661016949153,162.0
Naja atra,0.34545454545454546,0.6054736842105264,0.3306185529104796,0.4,0.5326315789473685,0.2235294117647059,0.76,0.2087912087912088,120.0
Danio rerio,0.4566929133858268,0.9261787851011147,0.591412692322873,0.8057432432432432,0.8434213579087095,0.3072033898305085,0.8895705521472392,0.29591836734693877,1776.0
Salmonella enterica,0.3614457831325301,0.8744658359947821,0.28427909731745143,0.8932527693856999,0.7721087670370204,0.25210084033613445,0.6382978723404256,0.22058823529411764,1986.0
Sulfurisphaera tokodaii,0.4,0.8921750321750322,0.3512217267304791,0.8648785425101214,0.7910124410124411,0.27899686520376177,0.7063492063492064,0.25,1976.0
Modoc virus,0.4166666666666667,0.8966741405082213,0.37308411454365636,0.8257261410788381,0.8292227204783259,0.2777777777777778,0.8333333333333334,0.2631578947368421,482.0
Escherichia phage,0.21162444113263784,0.7286613072585203,0.12502474417878665,0.950611520866399,0.6082969887641647,0.185378590078329,0.2465277777777778,0.11833333333333333,10711.0
Aspergillus flavus,0.2146341463414634,0.8217002855300728,0.11444109703575198,0.9391993957703928,0.6513923428817046,0.15492957746478872,0.3492063492063492,0.12021857923497267,2648.0
Pseudomonas sp.,0.34569453174104336,0.8953656723538952,0.34232436976335995,0.8852892561983471,0.7984035372104503,0.22916666666666666,0.7033248081841432,0.20896656534954408,9075.0
Emericella nidulans,0.46362098138747887,0.8860097527123569,0.47782401819566234,0.875490966221524,0.7781175323696282,0.3567708333333333,0.6618357487922706,0.30176211453744495,2546.0
Drosophila lebanonensis,0.475482912332838,0.9043702596687089,0.5947259891778605,0.8014623172103487,0.8173988921769482,0.33195020746887965,0.837696335078534,0.31189083820662766,1778.0
Agrobacterium tumefaciens,0.5240963855421686,0.9690782003973885,0.7202649148448166,0.865531914893617,0.9069887676898747,0.36099585062240663,0.9560439560439561,0.3551020408163265,2350.0
Amycolatopsis orientalis,0.3036649214659686,0.9201771274547554,0.33993820662060265,0.8288288288288288,0.8287061994609164,0.1858974358974359,0.8285714285714286,0.17901234567901234,777.0
Toxoplasma gondii,0.31399747793190413,0.8772149248048734,0.3892378244322461,0.8331288343558282,0.7855130401675232,0.1998394863563403,0.7323529411764705,0.1862378459237098,6520.0
Synechococcus elongatus,0.35714285714285715,0.900355593688927,0.5006845409710765,0.9283582089552239,0.7663091663091663,0.25559105431309903,0.5925925925925926,0.21739130434782608,4020.0
Geobacter metallireducens,0.4186046511627907,0.8905454834605598,0.4202793627050806,0.8251748251748252,0.791030534351145,0.2903225806451613,0.75,0.2647058823529412,572.0
Moorella thermoacetica,0.18666666666666668,0.8125,0.16818928780978082,0.8872875092387288,0.6466615698267074,0.12280701754385964,0.3888888888888889,0.10294117647058823,2706.0
Micromonospora chalcea,0.5975308641975309,0.9499407540651277,0.6209982728585999,0.8658436213991769,0.8976294487986638,0.4384057971014493,0.937984496124031,0.426056338028169,1215.0
Lactococcus lactis,0.4329896907216495,0.8913244268513937,0.5271794731536107,0.7023004059539919,0.7840178129638793,0.2857142857142857,0.8936170212765957,0.27631578947368424,739.0
Phytolacca americana,0.40404040404040403,0.9228830645161291,0.350072798044492,0.8874045801526718,0.8057315668202765,0.28169014084507044,0.7142857142857143,0.25316455696202533,1048.0
Corynephage beta,0.1493212669683258,0.7076747068357326,0.09941095897243271,0.8527222875048962,0.6284774525693584,0.09243697478991597,0.38823529411764707,0.08068459657701711,2553.0
Penicillium simplicissimum,0.3108108108108108,0.8876234050025364,0.22025654673855066,0.8602739726027397,0.7858362274163968,0.1994219653179191,0.7040816326530612,0.184,2190.0
Squalus acanthias,0.06857142857142857,0.6252706464583977,0.03954503132085975,0.9275233437083148,0.5301921160257071,0.04918032786885246,0.11320754716981132,0.03550295857988166,2249.0
Cupriavidus metallidurans,0.34782608695652173,0.8104107281679193,0.4048315232172868,0.5977011494252874,0.6937030318735424,0.2204724409448819,0.8235294117647058,0.21052631578947367,522.0
Candida glabrata,0.5890834191555098,0.9349471644412147,0.7404962670651466,0.829995739241585,0.8486950071153905,0.4440993788819876,0.8746177370030581,0.41751824817518246,2347.0
Aneurinibacillus thermoaerophilus,0.34656084656084657,0.8297027924934901,0.33870527104940407,0.7844677137870855,0.7496401954873715,0.22942206654991243,0.7081081081081081,0.2096,2292.0
Aerococcus viridans,0.5034965034965035,0.9467803578317902,0.631418177501522,0.9129901960784313,0.8365885416666667,0.37894736842105264,0.75,0.3364485981308411,2448.0
Gadus morhua,0.26540284360189575,0.870734219235884,0.1564721080486124,0.922962226640159,0.7408535061143274,0.175,0.5490196078431373,0.15300546448087432,2012.0
Pyrococcus furiosus,0.38704581358609796,0.9032175642947992,0.38168806803965016,0.89225215217995,0.7910966184416025,0.27071823204419887,0.6786703601108033,0.23996082272282077,7202.0
Human rhinovirus 16,0.328042328042328,0.8407073423684719,0.22226381699152287,0.9210199004975125,0.71002177172087,0.24899598393574296,0.4806201550387597,0.1962025316455696,3216.0
Sinorhizobium sp,0.0,0.8552835257904383,0.07068518889662939,0.9879674796747967,0.5,0.0,0.0,0.0,3075.0
Meleagris gallopavo,0.2861230329041488,0.7732883597883597,0.2585102669681918,0.8657158234660925,0.6767671957671958,0.2070393374741201,0.46296296296296297,0.1669449081803005,3716.0
Cupriavidus necator,0.4864864864864865,0.9145648967551623,0.6288036509292381,0.8616168973051711,0.8319602472257339,0.35019455252918286,0.7964601769911505,0.32142857142857145,2746.0
Salmonella typhi,0.31788079470198677,0.901118031227023,0.29336438542741083,0.8654474199869366,0.8158978850395744,0.200836820083682,0.7619047619047619,0.1889763779527559,1531.0
Daboia russelii,0.3341584158415842,0.8788962894310974,0.6188768526111968,0.44421487603305787,0.6613619665486955,0.20199501246882792,0.9665871121718377,0.20059435364041606,2904.0
Taeniopygia guttata,0.13953488372093023,0.6597667638483965,0.1188088922627582,0.8016085790884718,0.5271137026239067,0.10714285714285714,0.2,0.075,373.0
Burkholderia thailandensis,0.5386934673366834,0.9132269738050626,0.6135485137866827,0.8691935024223425,0.8290293544950219,0.4116743471582181,0.7790697674418605,0.3686382393397524,3509.0
Weissella confusa,0.16352201257861634,0.7540477882062595,0.15752662596243241,0.8877637130801688,0.594800508544292,0.11607142857142858,0.2765957446808511,0.08904109589041095,1185.0
Enterococcus faecium,0.22119815668202766,0.7772541202979155,0.2099991703989161,0.8843258042436687,0.6458022155044529,0.15517241379310345,0.3850267379679144,0.12435233160621761,4383.0
Thermosynechococcus vestitus,0.30939226519337015,0.7756760148064497,0.1970357817341292,0.9474569146700295,0.6847167325428195,0.25,0.4057971014492754,0.1830065359477124,2379.0
Yersinia pestis,0.43743199129488575,0.8360424814480546,0.40709981145310403,0.7996900426191399,0.7671127594765343,0.3130841121495327,0.7256317689530686,0.2799442896935933,2581.0
Hordeum vulgare,0.4444444444444444,0.9351641208969776,0.3570022223201661,0.9274406332453826,0.7938332791680208,0.3384615384615385,0.6470588235294118,0.2857142857142857,758.0
Clitoria ternatea,0.5,0.9456043956043956,0.4408104570596961,0.8968609865470852,0.8911172161172161,0.3484848484848485,0.8846153846153846,0.3333333333333333,446.0
Comamonas testosteroni,0.40728831725616294,0.8473669789627774,0.3970765956588927,0.8019340974212035,0.7687653934128682,0.28273809523809523,0.7279693486590039,0.2557200538358008,2792.0
Arthrobacter globiformis,0.13138686131386862,0.7389636383854109,0.09269511256632389,0.8561933534743202,0.5731216872382223,0.08737864077669903,0.2647058823529412,0.0703125,1655.0
Acetobacter aceti,0.463452566096423,0.9213968721126669,0.5097674153946905,0.9230426053981708,0.8036681953016147,0.35391923990498814,0.6711711711711712,0.3016194331983806,4483.0
Prosthecobacter dejongeii,0.15384615384615385,0.7766951566951568,0.09783938702157347,0.8828541001064962,0.5832051282051283,0.10989010989010989,0.2564102564102564,0.08333333333333333,939.0
Anaplasma phagocytophilum,0.4668587896253602,0.8835329773416077,0.5634002336312401,0.7035256410256411,0.7808898418654515,0.31640625,0.8901098901098901,0.30451127819548873,624.0
Dictyostelium discoideum,0.48528449967298887,0.9223392651203157,0.6957025731286978,0.8617600562093799,0.8430446716072897,0.34447539461467036,0.8207964601769911,0.32037996545768566,5693.0
Xenopus tropicalis,0.3474178403755869,0.7966521277849818,0.23721672052775108,0.7472727272727273,0.7374945970372117,0.22839506172839505,0.7254901960784313,0.21022727272727273,550.0
Plasmodium vivax,0.3627906976744186,0.8458414240813574,0.3254754749174464,0.8593429158110883,0.7309565732528098,0.2635135135135135,0.582089552238806,0.2215909090909091,3896.0
Paracoccus denitrificans,0.26590909090909093,0.8944497671485397,0.2056075310840649,0.888582269748189,0.7801807428608389,0.16619318181818182,0.6647727272727273,0.15334207077326342,5798.0
Chondrus crispus,0.5904761904761905,0.9490248226950355,0.8573520398267862,0.7514450867052023,0.835438829787234,0.4246575342465753,0.96875,0.4189189189189189,173.0
Flavobacterium sp.,0.3880597014925373,0.8700179533213644,0.4263089261641551,0.8626465661641541,0.7639587073608618,0.2765957446808511,0.65,0.24074074074074073,597.0
Camelus dromedarius,0.30612244897959184,0.8293463504157469,0.3477320238780256,0.7680311890838206,0.7621724888776903,0.19195612431444242,0.7553956834532374,0.18072289156626506,2052.0
Mesorhizobium japonicum,0.3548387096774194,0.8022516234275495,0.3857541013054251,0.8875878220140515,0.715270806537629,0.2693877551020408,0.5196850393700787,0.21568627450980393,2135.0
Trichinella spiralis,0.38461538461538464,0.932010582010582,0.3340040959067458,0.8591549295774648,0.8751322751322752,0.24509803921568626,0.8928571428571429,0.23809523809523808,568.0
Streptococcus pyogenes,0.43320363164721143,0.8955341751688757,0.40804800879622966,0.8893950898506707,0.7712594747738013,0.328740157480315,0.6349809885931559,0.2764900662251656,3951.0
Biomphalaria glabrata,0.3418803418803419,0.871031746031746,0.27689902227065377,0.8351177730192719,0.7139550264550265,0.24390243902439024,0.5714285714285714,0.20618556701030927,467.0
Oceanimonas doudoroffii,0.5652173913043478,0.9238654365855932,0.654837583813832,0.8767967145790554,0.8408815581026932,0.43820224719101125,0.7959183673469388,0.3939393939393939,487.0
Yersinia enterocolitica,0.48945147679324896,0.924924924924925,0.6784242409336235,0.8734309623430963,0.8323680823680824,0.3558282208588957,0.7837837837837838,0.3240223463687151,956.0
Thermoanaerobacter brockii,0.19672131147540983,0.8034773284313725,0.13787378269673062,0.8955965909090909,0.6444852941176471,0.13333333333333333,0.375,0.10909090909090909,1408.0
Ocimum basilicum,0.375886524822695,0.8993244356566156,0.3376816891181397,0.810752688172043,0.8249025100236174,0.2420091324200913,0.8412698412698413,0.2314410480349345,1860.0
Streptomyces lividans,0.3203125,0.9218993114548869,0.343711373437752,0.8429602888086642,0.8100152016453546,0.2019704433497537,0.7735849056603774,0.19069767441860466,1108.0
Synechococcus phage,0.5217391304347826,0.938,0.7562748473018861,0.7046979865771812,0.8240000000000001,0.35294117647058826,1.0,0.35294117647058826,149.0
Salmo salar,0.14545454545454545,0.7295639282245284,0.09088539553630984,0.7870090634441088,0.5968764378099279,0.08955223880597014,0.3870967741935484,0.0784313725490196,662.0
Streptomyces coelicolor,0.3570595099183197,0.8905228702860605,0.36559137119250873,0.8734932843531168,0.7983193253606926,0.2379471228615863,0.7149532710280374,0.21732954545454544,8711.0
Clostridium botulinum,0.08641975308641975,0.7854668596835902,0.0925169142379486,0.9299242424242424,0.5266518457243304,0.08139534883720931,0.09210526315789473,0.04516129032258064,2112.0
Rhodnius prolixus,0.33766233766233766,0.8334473324213406,0.37803038719948723,0.7301587301587301,0.7457250341997264,0.21666666666666667,0.7647058823529411,0.203125,378.0
Aeromonas caviae,0.26666666666666666,0.892394684761097,0.3271381123394003,0.8548387096774194,0.7646310432569974,0.16666666666666666,0.6666666666666666,0.15384615384615385,682.0
Leptospira interrogans,0.12698412698412698,0.7253787878787878,0.12461573673868677,0.9205202312138728,0.5420454545454545,0.12903225806451613,0.125,0.06779661016949153,692.0
Methanothermobacter marburgensis,0.2063157894736842,0.9133343058361247,0.14047766007518342,0.9581111111111111,0.6836986989389872,0.1388101983002833,0.4016393442622951,0.11502347417840375,9000.0
Listeria monocytogenes,0.6429980276134122,0.9422387295081968,0.7298583491741648,0.8428819444444444,0.87700260804769,0.49244712990936557,0.9261363636363636,0.4738372093023256,1152.0
Acanthopagrus schlegelii,0.6618705035971223,0.9535062933470331,0.7381013385586145,0.9076620825147348,0.9051288637725833,0.5227272727272727,0.9019607843137255,0.4946236559139785,509.0
Vigna radiata,0.313953488372093,0.8329705505761844,0.39349840999927094,0.843501326259947,0.7356914212548016,0.2109375,0.6136363636363636,0.18620689655172415,754.0
Trichomonas vaginalis,0.39520958083832336,0.9014682839564682,0.47639838023789816,0.9165289256198347,0.7907257737416691,0.2832618025751073,0.6534653465346535,0.2462686567164179,2420.0
Pasteurella multocida,0.4369747899159664,0.9212714385043264,0.49312530366485563,0.8465063001145475,0.8308482694684796,0.2988505747126437,0.8125,0.27956989247311825,1746.0
Staphylococcus phage,0.3466666666666667,0.869803791153974,0.352504437961493,0.9200652528548124,0.6830451169493404,0.29545454545454547,0.41935483870967744,0.20967741935483872,613.0
Neomoorella thermoacetica,0.31343283582089554,0.8908009347779902,0.3182269495297618,0.8327272727272728,0.8066709156575314,0.19626168224299065,0.7777777777777778,0.18584070796460178,550.0
Psychrobacter sp.,0.4625,0.9547810181892082,0.4485035992659921,0.8919597989949749,0.918876807912475,0.30578512396694213,0.9487179487179487,0.3008130081300813,796.0
Rhodoblastus acidophilus,0.2557077625570776,0.5681452539646059,0.22813416217711482,0.3895131086142322,0.5343599172603999,0.15469613259668508,0.7368421052631579,0.14659685863874344,267.0
Drosophila melanogaster,0.3734547820429408,0.8746365872597682,0.4123216011974867,0.8984712704269899,0.7530969937739418,0.272943414170233,0.5911431513903193,0.2296,18970.0
Mentha piperita,0.4180790960451977,0.9372633596932662,0.5923101945502706,0.8205574912891986,0.8799664509944883,0.26811594202898553,0.9487179487179487,0.2642857142857143,574.0
Manihot esculenta,0.24742268041237114,0.8604828705029106,0.3334283609224207,0.8596153846153847,0.7215860292012597,0.15789473684210525,0.5714285714285714,0.1411764705882353,520.0
Acanthamoeba polyphaga mimivirus,0.4625,0.8356017575822527,0.4994058308562764,0.6692307692307692,0.7459007609045119,0.3162393162393162,0.8604651162790697,0.3008130081300813,260.0
Vaucheria frigida,0.576271186440678,0.931985294117647,0.8659392814375328,0.6153846153846154,0.7395833333333334,0.40476190476190477,1.0,0.40476190476190477,130.0
Leishmania braziliensis,0.6984126984126984,0.9637858072916666,0.845880400907507,0.875,0.8919270833333333,0.5641025641025641,0.9166666666666666,0.5365853658536586,304.0
Picosynechococcus sp.,0.429042904290429,0.8899444892768933,0.4514370132905816,0.8331726133076182,0.7979910987210526,0.2995391705069124,0.7558139534883721,0.27310924369747897,1037.0
Solanum lycopersicum,0.35765379113018597,0.9038137447132603,0.353139243653455,0.9093844601412714,0.7619301056537733,0.2545824847250509,0.6009615384615384,0.21777003484320556,4955.0
Pyrobaculum aerophilum,0.39572192513368987,0.8442400849927386,0.4366961698464993,0.8974901723616571,0.7397755294989132,0.30578512396694213,0.5606060606060606,0.24666666666666667,3307.0
Methylorubrum extorquens,0.3115124153498871,0.8179598657840794,0.38077046195133535,0.849009900990099,0.7185099595698475,0.21428571428571427,0.5702479338842975,0.18449197860962566,2020.0
Anopheles dirus,0.4,0.8800725459079574,0.3996476669139337,0.847926267281106,0.7647547797173733,0.2857142857142857,0.6666666666666666,0.25,434.0
Antarctic bacterium,0.37383177570093457,0.8753439153439153,0.4477208364270477,0.8222811671087533,0.7846560846560846,0.25,0.7407407407407407,0.22988505747126436,377.0
Dinoroseobacter shibae,0.5656565656565656,0.8069204152249135,0.7117339844754428,0.6386554621848739,0.6941176470588235,0.4307692307692308,0.8235294117647058,0.39436619718309857,119.0
Rhodococcus rhodochrous,0.16842105263157894,0.986328125,0.5626262626262626,0.798469387755102,0.8971354166666667,0.09195402298850575,1.0,0.09195402298850575,392.0
Clostridioides difficile,0.3029126213592233,0.7660859775771223,0.21007787310197756,0.7471830985915493,0.6732376221536176,0.2047244094488189,0.582089552238806,0.17848970251716248,1420.0
Chrysanthemum morifolium,0.2840909090909091,0.7646752163486602,0.2619956940053071,0.8568181818181818,0.7087894901470129,0.19230769230769232,0.5434782608695652,0.16556291390728478,880.0
Rhodococcus opacus,0.32098765432098764,0.8592223891810669,0.39455237400590654,0.6875,0.7778925619834711,0.19597989949748743,0.8863636363636364,0.19117647058823528,528.0
Phytophthora cryptogea,0.6990291262135923,0.8412280701754385,0.7700879119835512,0.6836734693877551,0.7320175438596491,0.5538461538461539,0.9473684210526315,0.5373134328358209,98.0
Acinetobacter baylyi,0.2895125553914328,0.8538237997805651,0.2797146253726908,0.8173186479301178,0.774091866085461,0.18081180811808117,0.725925925925926,0.1692573402417962,2633.0
Rickettsia felis,0.30303030303030304,0.866917502787068,0.3816946305568697,0.7151702786377709,0.7695094760312151,0.18518518518518517,0.8333333333333334,0.17857142857142858,323.0
Spodoptera frugiperda,0.3022774327122153,0.847015063748359,0.2494851085432269,0.8587002096436058,0.7425126272927529,0.20054945054945056,0.6134453781512605,0.17804878048780487,2385.0
Bradyrhizobium diazoefficiens,0.4095238095238095,0.8044257441171887,0.376008682439625,0.7394957983193278,0.7199625993454886,0.2905405405405405,0.6935483870967742,0.25748502994011974,476.0
Rauvolfia serpentina,0.5164319248826291,0.9337113991612658,0.5614620498128534,0.9335483870967742,0.7951772779260389,0.4330708661417323,0.6395348837209303,0.34810126582278483,3100.0
Thermococcus litoralis,0.4827586206896552,0.9344012204424104,0.5123386287332916,0.8715203426124197,0.9003051106025934,0.32558139534883723,0.9333333333333333,0.3181818181818182,467.0
Pyrobaculum calidifontis,0.6611570247933884,0.9326366859488711,0.7674246346077199,0.8530465949820788,0.8596753125583131,0.5333333333333333,0.8695652173913043,0.49382716049382713,279.0
Gluconobacter frateurii,0.6666666666666666,0.9570847206807251,0.9015842402837,0.8136882129277566,0.8695431002589715,0.5104166666666666,0.9607843137254902,0.5,263.0
Streptomyces antibioticus,0.3220338983050847,0.984280701754386,0.7367633669407123,0.7969543147208121,0.8933333333333333,0.1919191919191919,1.0,0.1919191919191919,394.0
Citrobacter braakii,0.5825242718446602,0.9392953929539295,0.7264635531727397,0.7189542483660131,0.8252032520325203,0.410958904109589,1.0,0.410958904109589,153.0
Geobacter sulfurreducens,0.3701923076923077,0.8933885174572854,0.4225784344695721,0.7695690413368513,0.8088666029926774,0.2361963190184049,0.8555555555555555,0.22713864306784662,1137.0
Priestia megaterium,0.4567219152854512,0.9099830144112105,0.6361799274184234,0.8526473526473527,0.8086799012712651,0.32717678100263853,0.7560975609756098,0.29594272076372313,2002.0
Strongylocentrotus purpuratus,0.3247863247863248,0.7264670658682634,0.346559656764343,0.5885416666666666,0.661437125748503,0.20652173913043478,0.76,0.19387755102040816,192.0
Rhodopseudomonas palustris,0.40668523676880225,0.9264127144298688,0.582834264438233,0.8011204481792717,0.8523145812310797,0.2616487455197133,0.9125,0.25524475524475526,1071.0
Feline immunodeficiency virus,0.5433070866141733,0.9315909788802074,0.8419374716234982,0.7422222222222222,0.7938517179023508,0.3942857142857143,0.8734177215189873,0.372972972972973,450.0
Nitratidesulfovibrio vulgaris,0.4610951008645533,0.8648593415716703,0.39111817743700183,0.9367602299628002,0.8360634798990964,0.33755274261603374,0.7272727272727273,0.299625468164794,2957.0
Coturnix japonica,0.4098360655737705,0.7391076115485564,0.4832009891975795,0.5414012738853503,0.6528871391076115,0.2717391304347826,0.8333333333333334,0.25773195876288657,157.0
Podospora anserina,0.3939393939393939,0.8579068157808458,0.4367841233177896,0.8941798941798942,0.7274051947105752,0.31137724550898205,0.5360824742268041,0.24528301886792453,1512.0
Methanococcus maripaludis,0.6573426573426573,0.9120567375886525,0.8391423022484575,0.743455497382199,0.8068794326241134,0.5053763440860215,0.94,0.4895833333333333,191.0
Dengue virus type,0.50920245398773,0.9206884187880962,0.6011634436197584,0.8940046372971182,0.8149749793443186,0.3933649289099526,0.7217391304347827,0.34156378600823045,3019.0
Astacus astacus,0.5094339622641509,0.9070588235294118,0.6711819303684886,0.74,0.8058823529411765,0.35526315789473684,0.9,0.34177215189873417,200.0
Chromobacterium violaceum,0.314410480349345,0.9359078640884386,0.44113240059259046,0.8408514951849975,0.8391133952009465,0.1935483870967742,0.8372093023255814,0.18652849740932642,1973.0
Levilactobacillus brevis,0.24719101123595505,0.8177966101694916,0.23445852363854316,0.7330677290836654,0.7331920903954803,0.14864864864864866,0.7333333333333333,0.14102564102564102,251.0
Clostridium aminobutyricum,0.1437908496732026,0.835711981938397,0.10463430496347174,0.9331632653061225,0.5821843251088534,0.10891089108910891,0.21153846153846154,0.07746478873239436,1960.0
Leifsonia aquatica,0.1568627450980392,0.8419119231266428,0.12194224491025288,0.9583333333333334,0.5750635584091006,0.14285714285714285,0.17391304347826086,0.0851063829787234,2064.0
Oxalobacter formigenes,0.28669410150891633,0.865420705826603,0.18339337356728794,0.8569266749208969,0.7304833511035945,0.18931159420289856,0.5903954802259888,0.16733386709367493,7269.0
Candida tenuis,0.2732919254658385,0.759051268498943,0.18175005368712616,0.9541176470588235,0.617152106614316,0.29333333333333333,0.2558139534883721,0.15827338129496402,2550.0
Bacteroides thetaiotaomicron,0.3353658536585366,0.8979284617072636,0.3828206957641885,0.9100288898060256,0.7429778362958086,0.2391304347826087,0.5612244897959183,0.20146520146520147,2423.0
Candida tropicalis,0.24415584415584415,0.8038175161462833,0.1786099096060583,0.8845238095238095,0.6645967262405619,0.17153284671532848,0.42342342342342343,0.1390532544378698,2520.0
Desulfococcus multivorans,0.46037735849056605,0.8968227142132836,0.4573645982955791,0.9083920563741191,0.7778892738437271,0.3630952380952381,0.6288659793814433,0.29901960784313725,1561.0
Vitis vinifera,0.47619047619047616,0.9137521500532393,0.5218257346051306,0.8556588299617277,0.8428311081988697,0.3342618384401114,0.8275862068965517,0.3125,1829.0
Blastochloris viridis,0.07930607187112763,0.7282819698044163,0.0478085387667333,0.8784756297023225,0.5512036550839338,0.049079754601226995,0.2064516129032258,0.04129032258064516,6114.0
Limnospira platensis,0.2222222222222222,0.774328978453306,0.1658168302307154,0.8127490039840638,0.6924935246064954,0.13864306784660768,0.5595238095238095,0.125,1757.0
Plesiomonas shigelloides,0.5433255269320844,0.9145255428821486,0.5263265927027403,0.8549107142857143,0.8260532283088674,0.4142857142857143,0.7891156462585034,0.3729903536977492,1344.0
Mesembryanthemum crystallinum,0.509090909090909,0.8728056667693256,0.5823047798867997,0.76,0.7861102556205728,0.3684210526315789,0.8235294117647058,0.34146341463414637,225.0
Gluconobacter oxydans,0.3541666666666667,0.8691987010707389,0.29729123220040904,0.9527078565980168,0.6754607688256977,0.3333333333333333,0.37777777777777777,0.21518987341772153,2622.0
Bacteroides fragilis,0.22077922077922077,0.882013091103393,0.2232201688720818,0.9153140437544107,0.6877886340216023,0.14655172413793102,0.4473684210526316,0.12408759124087591,2834.0
Streptomyces avermitilis,0.4463276836158192,0.8749372048628554,0.4540451835205127,0.8348778433024431,0.7796476774171941,0.32510288065843623,0.7117117117117117,0.2872727272727273,1187.0
Pelophylax perezi,0.4489795918367347,0.9002147074610843,0.3840086195548674,0.8548387096774194,0.8363929146537842,0.30985915492957744,0.8148148148148148,0.2894736842105263,744.0
Geobacillus thermodenitrificans,0.5161290322580645,0.938707528314457,0.5306488556109975,0.8614318706697459,0.8526982011992006,0.37209302325581395,0.8421052631578947,0.34782608695652173,433.0
Streptomyces natalensis,0.6099290780141844,0.9490044958253051,0.7132272363539118,0.8593350383631714,0.9011881824020553,0.4479166666666667,0.9555555555555556,0.4387755102040816,391.0
Methylophilus methylotrophus,0.1553398058252427,0.8250558844919977,0.08462516476946841,0.8806584362139918,0.6494826501519255,0.0960960960960961,0.4050632911392405,0.08421052631578947,2916.0
Aromatoleum aromaticum,0.5,0.9239447731755424,0.6183862563143617,0.8076923076923077,0.8471794871794872,0.3465346534653465,0.8974358974358975,0.3333333333333333,728.0
Lacticaseibacillus casei,0.5289256198347108,0.9265485385430864,0.6076960154041123,0.848404255319149,0.8517681824385848,0.3827046918123275,0.8559670781893004,0.3595505617977528,4888.0
Bjerkandera adusta,0.08421052631578947,0.701381751741464,0.07896811587797822,0.8013698630136986,0.5113052415210688,0.05405405405405406,0.19047619047619047,0.04395604395604396,438.0
Burkholderia cenocepacia,0.6088992974238876,0.9220118969277022,0.7533652181910307,0.8533801580333626,0.8405463296300597,0.483271375464684,0.8227848101265823,0.4377104377104377,1139.0
Vibrio harveyi,0.2734375,0.8325654761904763,0.24878100579445236,0.9246963562753037,0.7185416666666666,0.1881720430107527,0.5,0.1583710407239819,2470.0
Enterobacter cloacae,0.38694362017804157,0.9233724175784822,0.37437830925510773,0.9275697658112466,0.7966565100738832,0.27441077441077444,0.6559356136820925,0.2398822663723326,14262.0
Arthrobacter sp.,0.2,0.8435158702476456,0.10728792070451675,0.8524173027989822,0.7383467038716428,0.11934156378600823,0.6170212765957447,0.1111111111111111,1572.0
Oryza sativa,0.6875,0.9595238095238096,0.7492836653076738,0.9581589958158996,0.8532738095238095,0.6470588235294118,0.7333333333333333,0.5238095238095238,478.0
Streptomyces avidinii,0.29141716566866266,0.6770198679562064,0.24076706305087736,0.5854014598540146,0.6214130711692106,0.18622448979591838,0.6697247706422018,0.1705607476635514,3425.0
Klebsiella michiganensis,0.3037974683544304,0.9087330135891287,0.29255675714518115,0.9228611500701263,0.7980815347721822,0.19672131147540983,0.6666666666666666,0.1791044776119403,1426.0
Phormidium lapideum,0.5234899328859061,0.9364084191670399,0.7741200548164331,0.8033240997229917,0.8577026421854008,0.3644859813084112,0.9285714285714286,0.35454545454545455,361.0
Pseudomonas amygdali,0.45614035087719296,0.8704541907288902,0.45803321109932177,0.7272727272727273,0.8041595130326206,0.3046875,0.9069767441860465,0.29545454545454547,341.0
Pectobacterium carotovorum,0.07608695652173914,0.7606021059762306,0.05058500982536683,0.9381818181818182,0.568792899054602,0.047619047619047616,0.1891891891891892,0.03954802259887006,2750.0
Dianthus caryophyllus,0.48484848484848486,0.9030567685589519,0.62422878550301,0.8661417322834646,0.765414847161572,0.3902439024390244,0.64,0.32,254.0
Paenarthrobacter nicotinovorans,0.3302752293577982,0.8831193059917292,0.3104637787248683,0.8748928877463582,0.7544386057647461,0.225,0.6206896551724138,0.1978021978021978,1167.0
Xenopus laevis,0.49522292993630573,0.9235089250930528,0.6311390273081593,0.8708494601751884,0.8508018619954847,0.3534090909090909,0.8271276595744681,0.3291005291005291,4909.0
Arachis hypogaea,0.41409691629955947,0.8763020833333333,0.565016103688281,0.81,0.7759925314465409,0.2883435582822086,0.734375,0.2611111111111111,700.0
Chromohalobacter israelensis,0.3559322033898305,0.9559937611408199,0.30989597903620675,0.9015544041450777,0.8887032085561497,0.22340425531914893,0.875,0.21649484536082475,772.0
Haemophilus parahaemolyticus,0.4418604651162791,0.8693786388275446,0.40391734255069417,0.7798165137614679,0.8056364183898815,0.3,0.8382352941176471,0.2835820895522388,654.0
Adeno-associated virus 3b,0.1686746987951807,0.8561100239182432,0.1069528595153217,0.9336538461538462,0.6660687105892585,0.1076923076923077,0.3888888888888889,0.09210526315789473,1040.0
Aliivibrio fischeri,0.7291666666666666,0.9596734289955468,0.673825163644555,0.9379474940334129,0.8830405739732805,0.660377358490566,0.813953488372093,0.5737704918032787,419.0
Photinus pyralis,0.5859872611464968,0.9590068468303337,0.6573851445125657,0.8920265780730897,0.8811389490325463,0.4423076923076923,0.8679245283018868,0.4144144144144144,1806.0
Serratia marcescens,0.3311546840958606,0.9039165755738846,0.41255107263297125,0.9143892916899052,0.7891135844181656,0.22157434402332363,0.6551724137931034,0.19843342036553524,7172.0
Amycolatopsis mediterranei,0.6875,0.9798843132176466,0.8059952249711089,0.921875,0.9572649572649572,0.5238095238095238,1.0,0.5238095238095238,384.0
Staphylococcus haemolyticus,0.3883495145631068,0.8479379592618301,0.37000392861736375,0.940566037735849,0.7232939993776778,0.3225806451612903,0.4878048780487805,0.24096385542168675,1060.0
Phanerodontia chrysosporium,0.43853820598006643,0.9416399310329775,0.41258433471945744,0.904949381327334,0.8620332176607957,0.3,0.8148148148148148,0.28085106382978725,1778.0
Desulfitobacterium hafniense,0.33472803347280333,0.8050824547174912,0.2519531807247184,0.7358803986710963,0.7380711002973777,0.21621621621621623,0.7407407407407407,0.20100502512562815,602.0
Simian immunodeficiency virus,0.5703971119133574,0.9499793303017775,0.7610058689855949,0.7595959595959596,0.8412714817220811,0.40512820512820513,0.9634146341463414,0.398989898989899,495.0
Pseudaminobacter salicylatoxidans,0.26011560693641617,0.8365746359223301,0.22022347198795403,0.7659963436928702,0.7365139563106796,0.1595744680851064,0.703125,0.14950166112956811,1094.0
Leuconostoc mesenteroides,0.3426294820717131,0.8478205128205129,0.35811821698825747,0.8298969072164949,0.777014652014652,0.225130890052356,0.7166666666666667,0.20673076923076922,970.0
Human enterovirus 71,0.36752136752136755,0.9124713958810069,0.42372662838876035,0.8398268398268398,0.8493363844393593,0.23369565217391305,0.86,0.225130890052356,924.0
Polaromonas sp.,0.6233766233766234,0.9706598984771573,0.9292335466796345,0.7651821862348178,0.8378680203045685,0.46153846153846156,0.96,0.4528301886792453,247.0
Agrobacterium fabrum,0.570694087403599,0.9320812933496533,0.659169595922509,0.8758364312267658,0.8689661107711137,0.4269230769230769,0.8604651162790697,0.39928057553956836,1345.0
Streptomyces pseudogriseolus,0.38181818181818183,0.9425465838509317,0.5787567720266364,0.8242894056847545,0.865862398471094,0.2413793103448276,0.9130434782608695,0.23595505617977527,387.0
Glycine max,0.42105263157894735,0.877678985293498,0.3316409022010971,0.8608630952380952,0.793843495849311,0.2982456140350877,0.7157894736842105,0.26666666666666666,1344.0
Adeno-associated virus -,0.15789473684210525,0.83306884765625,0.12344037440630849,0.9384615384615385,0.6611328125,0.1,0.375,0.08571428571428572,1040.0
Nocardia farcinica,0.4090909090909091,0.9105070507050705,0.4901558348080852,0.84,0.8298829882988299,0.2727272727272727,0.8181818181818182,0.2571428571428571,1625.0
Sulfolobus acidocaldarius,0.5943396226415094,0.9519271161520688,0.8023684450307039,0.8615136876006442,0.8840579710144927,0.4405594405594406,0.9130434782608695,0.4228187919463087,621.0
Pan troglodytes,0.6823529411764706,0.9798245614035087,0.8829114704540151,0.8953488372093024,0.9263157894736842,0.5272727272727272,0.9666666666666667,0.5178571428571429,258.0
West nile virus,0.48,0.9031355218855219,0.5523948880175967,0.851145038167939,0.8361742424242424,0.33962264150943394,0.8181818181818182,0.3157894736842105,786.0
Murray valley encephalitis,0.2857142857142857,0.723299116734304,0.16001743157261117,0.8049414824447334,0.6690260205299594,0.1986754966887417,0.5084745762711864,0.16666666666666666,769.0
Exiguobacterium sibiricum,0.4,0.871074730082563,0.3836494236296968,0.7857142857142857,0.7970503140215934,0.26548672566371684,0.8108108108108109,0.25,420.0
Tetrahymena thermophila,0.467966573816156,0.7750995891945723,0.44903802101975054,0.7149253731343284,0.7185671604630898,0.345679012345679,0.7241379310344828,0.3054545454545455,670.0
Mycolicibacterium thermoresistibile,0.3607305936073059,0.8617294125403838,0.37103522195308486,0.8748323647742512,0.7212665655699875,0.2696245733788396,0.5448275862068965,0.2200557103064067,2237.0
Bombyx mori,0.5345622119815668,0.8771970576848627,0.6034838518047768,0.7699316628701595,0.7936895083236547,0.3945578231292517,0.8285714285714286,0.36477987421383645,439.0
Corynebacterium sp.,0.6387434554973822,0.9148936170212767,0.6951278855782748,0.8754512635379061,0.8141590678824722,0.5700934579439252,0.7261904761904762,0.46923076923076923,554.0
Poliovirus type 2,0.288135593220339,0.8551560379918588,0.20245011344414346,0.899641577060932,0.7152872003618272,0.2,0.5151515151515151,0.16831683168316833,837.0
Capsicum annuum,0.34831460674157305,0.894484412470024,0.4890240950576919,0.8040540540540541,0.8307354116706636,0.21830985915492956,0.8611111111111112,0.2108843537414966,592.0
Lactiplantibacillus plantarum,0.24839006439742412,0.8817615578502189,0.23717870692637916,0.8736076732673267,0.7758656025318085,0.1523702031602709,0.6716417910447762,0.14180672268907563,6464.0
Schistosoma japonicum,0.5526315789473685,0.9246073298429319,0.6074906677597469,0.8425925925925926,0.8414659685863874,0.4117647058823529,0.84,0.38181818181818183,216.0
Hypericum perforatum,0.390625,0.9592332268370607,0.655907783906957,0.7692307692307693,0.8753993610223643,0.24271844660194175,1.0,0.24271844660194175,338.0
Halorhodospira halophila,0.0,0.5685360094451003,0.05037113285286215,0.9722222222222222,0.5,0.0,0.0,0.0,792.0
Streptomyces nogalater,0.4978540772532189,0.9279627356106016,0.6141860121554961,0.7728155339805826,0.8498591752726222,0.3372093023255814,0.9508196721311475,0.3314285714285714,515.0
Burkholderia ambifaria,0.4782608695652174,0.8737161531279178,0.4259690512269685,0.7372262773722628,0.813375350140056,0.3235294117647059,0.9166666666666666,0.3142857142857143,274.0
Burkholderia sp.,0.38095238095238093,0.9145077720207253,0.6966629880264703,0.6976744186046512,0.7913330193122938,0.24096385542168675,0.9090909090909091,0.23529411764705882,215.0
Caldicellulosiruptor bescii,0.4533333333333333,0.9804548017289983,0.7914352716307611,0.8757575757575757,0.9345047923322684,0.29310344827586204,1.0,0.29310344827586204,330.0
Anopheles gambiae,0.3407821229050279,0.8867121042366904,0.32976407031767224,0.8650657518582047,0.787397817336819,0.22509225092250923,0.7011494252873564,0.2053872053872054,3498.0
Micromonospora echinospora,0.26666666666666666,0.8186299435028249,0.18124754567299833,0.8314516129032258,0.7374293785310735,0.1688888888888889,0.6333333333333333,0.15384615384615385,1240.0
Cricetulus griseus,0.4652567975830816,0.8694563152896486,0.5420975210717457,0.8063457330415755,0.7775997150997151,0.3392070484581498,0.7403846153846154,0.3031496062992126,914.0
Brucella melitensis,0.4266666666666667,0.8338257677500225,0.5688102237979721,0.5222222222222223,0.6829170024174053,0.27586206896551724,0.9411764705882353,0.2711864406779661,270.0
Thermoplasma volcanium,0.6504065040650406,0.942342049699529,0.7793244911909046,0.86084142394822,0.8568296248172811,0.5263157894736842,0.851063829787234,0.4819277108433735,309.0
Staphylococcus epidermidis,0.7304347826086957,0.9674688057040999,0.8728984809249309,0.875,0.9061942959001783,0.5915492957746479,0.9545454545454546,0.5753424657534246,248.0
Citrus x,0.40816326530612246,0.811107811107811,0.3469497704252339,0.8553615960099751,0.713951588951589,0.32786885245901637,0.5405405405405406,0.2564102564102564,401.0
Mitrocoma cellularia,0.6666666666666666,0.9141512495942876,0.7856921995688583,0.8426395939086294,0.8246510873093151,0.5740740740740741,0.7948717948717948,0.5,197.0
Streptomyces purpurascens,0.42641509433962266,0.9161149776495219,0.6293721034318331,0.8195845697329377,0.8219694826382995,0.2875318066157761,0.8248175182481752,0.2709832134292566,1685.0
Thermococcus sp.,0.058823529411764705,0.8665984755347922,0.07956492040712704,0.979381443298969,0.5200963855421686,0.07547169811320754,0.04819277108433735,0.030303030303030304,6208.0
Cavia porcellus,0.3558897243107769,0.8491522688908748,0.2710648898605942,0.839375,0.754977162148744,0.24398625429553264,0.6574074074074074,0.21646341463414634,1600.0
Aspergillus japonicus,0.0,0.4927548043684763,0.020049210591620386,0.923660386591632,0.4721110555277639,0.0,0.0,0.0,4087.0
Ectopseudomonas mendocina,0.16149068322981366,0.7087659087659087,0.08088061440068227,0.8625254582484725,0.6169455169455169,0.10483870967741936,0.35135135135135137,0.08783783783783784,982.0
Reovirus type 3,0.14084507042253522,0.8436480134135752,0.09784591517200393,0.9517405063291139,0.5768286475642983,0.11363636363636363,0.18518518518518517,0.07575757575757576,2528.0
Equus caballus,0.4116222760290557,0.8819709445600367,0.33344774272198097,0.8939482106488217,0.7598775952897427,0.31135531135531136,0.6071428571428571,0.25914634146341464,6874.0
Streptomyces rubellomurinus,0.40336134453781514,0.8895968143354902,0.34643022292389003,0.8662900188323918,0.7375808860129418,0.3076923076923077,0.5853658536585366,0.25263157894736843,531.0
Thermobifida fusca,0.5548387096774193,0.9304680709772556,0.5431379476688694,0.8703007518796992,0.8407406322327367,0.4236453201970443,0.8037383177570093,0.38392857142857145,1064.0
Propionibacterium freudenreichii,0.20841683366733466,0.7998722588886524,0.14491316182177977,0.9353730366492147,0.619813051897361,0.16455696202531644,0.28415300546448086,0.116331096196868,6112.0
Thermoanaerobacter pseudethanolicus,0.34146341463414637,0.8793375394321766,0.2818438231485195,0.8791044776119403,0.7396161934805467,0.2413793103448276,0.5833333333333334,0.20588235294117646,670.0
Tetronarce californica,0.4774023694602896,0.9230552176691048,0.47600796835153314,0.9135578458411961,0.8307998352341852,0.3527885862516213,0.7381275440976933,0.31354466858789626,13778.0
Bacillus thermoproteolyticus,0.5265188042430087,0.8915499094308699,0.5990708080211101,0.9182211858760826,0.7542091006680053,0.4981751824817518,0.558282208588957,0.35732984293193715,6004.0
Novosphingobium aromaticivorans,0.39114391143911437,0.9524947250837781,0.5286004906610564,0.8632974316487159,0.902840697530098,0.24651162790697675,0.9464285714285714,0.24311926605504589,1207.0
Ascaris suum,0.43622920517560076,0.9106722139404987,0.3585029858835544,0.8980614973262032,0.7966984971918465,0.32065217391304346,0.6820809248554913,0.2789598108747045,2992.0
Fusarium oxysporum,0.2631578947368421,0.8322816657027183,0.2632162553528757,0.9344959591663122,0.6577342394447657,0.20676691729323307,0.3618421052631579,0.15151515151515152,4702.0
Obelia longissima,0.6872246696035242,0.8834028040924594,0.695487537157252,0.8756567425569177,0.7999431602879878,0.7027027027027027,0.6724137931034483,0.5234899328859061,571.0
Xanthobacter autotrophicus,0.291196388261851,0.8918625572434637,0.3946557660626209,0.8841114596789076,0.7976461821688436,0.18349928876244664,0.7049180327868853,0.17040951122853368,5419.0
Neisseria gonorrhoeae,0.48412698412698413,0.885179587482219,0.4862496170041362,0.8093841642228738,0.8159450568990043,0.34269662921348315,0.8243243243243243,0.3193717277486911,682.0
Aspergillus terreus,0.5011709601873536,0.9281889816810345,0.5980948757135102,0.8598684210526316,0.8490032327586207,0.35785953177257523,0.8359375,0.334375,1520.0
Thermococcus kodakarensis,0.3253968253968254,0.9030267786224895,0.4598581778805175,0.870722433460076,0.8045146374673777,0.20918367346938777,0.7321428571428571,0.1943127962085308,1315.0
Simian virus 40,0.06451612903225806,0.7407876727449336,0.09543086142414377,0.9733210671573137,0.5181487041370479,0.13636363636363635,0.04225352112676056,0.03333333333333333,3261.0
Legionella pneumophila,0.3865546218487395,0.894040404040404,0.38515144436821724,0.8711006474396704,0.7894223484848485,0.26744186046511625,0.696969696969697,0.23958333333333334,1699.0
Homarus americanus,0.4198895027624309,0.9188664596273292,0.4487128623995666,0.8413897280966768,0.8343097120271034,0.2814814814814815,0.8260869565217391,0.26573426573426573,662.0
Citrobacter freundii,0.3433734939759036,0.9481687784738041,0.3414122675363784,0.8802197802197802,0.8852327733485194,0.2126865671641791,0.890625,0.20727272727272728,1820.0
Renilla reniformis,0.19230769230769232,0.7404923874311631,0.11216428797358295,0.9083969465648855,0.6094104308390023,0.14492753623188406,0.2857142857142857,0.10638297872340426,917.0
Ligilactobacillus salivarius,0.3925233644859813,0.911483701760959,0.47429853604416905,0.9018126888217523,0.7674222555264144,0.2876712328767123,0.6176470588235294,0.2441860465116279,662.0
Salvia officinalis,0.08547008547008547,0.775294764356791,0.06570562460447033,0.9494328922495274,0.5414969878504359,0.06756756756756757,0.11627906976744186,0.044642857142857144,2116.0
Clostridium butyricum,0.4622222222222222,0.8915358690418873,0.5756571362114916,0.8562945368171021,0.8196726047183438,0.3291139240506329,0.7761194029850746,0.30057803468208094,842.0
Kluyveromyces lactis,0.19428571428571428,0.8904498447083969,0.14562106458549004,0.9368279569892473,0.6806169362469526,0.12686567164179105,0.4146341463414634,0.10759493670886076,2232.0
Taxus canadensis,0.16326530612244897,0.7924855082708893,0.16453740812816942,0.9686544342507645,0.5819666336773647,0.14814814814814814,0.18181818181818182,0.08888888888888889,1308.0
Uncultured bacterium,0.5256410256410257,0.9393348197696023,0.5898207153286616,0.8560311284046692,0.8719342251950948,0.37272727272727274,0.8913043478260869,0.3565217391304348,514.0
Thermus caldophilus,0.1941747572815534,0.8900275482093665,0.1044212984826867,0.8661290322580645,0.768870523415978,0.11363636363636363,0.6666666666666666,0.10752688172043011,620.0
Crithidia fasciculata,0.3488372093023256,0.905698725594827,0.305177817719462,0.913491246138002,0.7921950530479,0.23684210526315788,0.6617647058823529,0.2112676056338028,1942.0
Anaerobiospirillum succiniciproducens,0.35064935064935066,0.8723503549234888,0.28645503985425685,0.9032882011605415,0.785965170829956,0.23893805309734514,0.6585365853658537,0.2125984251968504,1034.0
Methanosarcina mazei,0.34782608695652173,0.7345862182657434,0.2174349315121839,0.839142091152815,0.6628750412133202,0.2857142857142857,0.4444444444444444,0.21052631578947367,373.0
Clarkia breweri,0.38072289156626504,0.8929960605432303,0.35733830498985314,0.818502824858757,0.8416131038772549,0.24382716049382716,0.8681318681318682,0.23511904761904762,1416.0
Bacillus thuringiensis,0.17543859649122806,0.667503805175038,0.1388407363886824,0.7655860349127181,0.545738203957382,0.1282051282051282,0.2777777777777778,0.09615384615384616,401.0
Acidithiobacillus thiooxidans,0.2809917355371901,0.8770566948130277,0.18578663008948046,0.9490632318501171,0.6537153196622437,0.23943661971830985,0.34,0.16346153846153846,1708.0
Cochliobolus lunatus,0.5161290322580645,0.8961954946451531,0.446815843695024,0.7888675623800384,0.8335965544663362,0.3628865979381443,0.8934010152284264,0.34782608695652173,1563.0
Giardia intestinalis,0.25,0.7957346405827644,0.3256530590297119,0.8914572864321608,0.6535025427223164,0.1836734693877551,0.391304347826087,0.14285714285714285,995.0
Acinetobacter baumannii,0.5833333333333334,0.9221095334685598,0.5971940813465806,0.8401420959147424,0.8658215010141987,0.4315068493150685,0.9,0.4117647058823529,563.0
Lactobacillus helveticus,0.10397553516819572,0.7551020408163265,0.056322848280613444,0.8648523985239852,0.5802555105153002,0.06390977443609022,0.2786885245901639,0.054838709677419356,2168.0
Sphingosinicella xenopeptidilytica,0.16974169741697417,0.877252896289155,0.1314366257420077,0.9317561419472248,0.6246160067974967,0.11794871794871795,0.3026315789473684,0.09274193548387097,3297.0
Methanosarcina barkeri,0.2677165354330709,0.8320300660726192,0.1541922256291569,0.9288990825688074,0.6899739346547857,0.19318181818181818,0.4358974358974359,0.15454545454545454,1308.0
Agaricus bisporus,0.0625,0.7378903368576346,0.047945806887473776,0.9807692307692307,0.518291588859575,0.13333333333333333,0.04081632653061224,0.03225806451612903,3120.0
Momordica balsamina,0.5682326621923938,0.9497191556864903,0.6990178758589249,0.8879210220673636,0.850108452847292,0.43944636678200694,0.8037974683544303,0.396875,1722.0
Lysinibacillus sphaericus,0.16666666666666666,0.8192452830188679,0.12198413840096867,0.8940998487140696,0.5991194968553459,0.11864406779661017,0.28,0.09090909090909091,661.0
Pseudonocardia autotrophica,0.3974358974358974,0.80328418230563,0.35888574773219994,0.8827930174563591,0.7305390654921486,0.31,0.5535714285714286,0.248,802.0
Deinococcus radiodurans,0.24548736462093862,0.743978160025355,0.15138573450168932,0.8694565896314803,0.6347494741694759,0.1837837837837838,0.3695652173913043,0.13991769547325103,1601.0
Streptomyces griseoruber,0.7479674796747967,0.9746317512274959,0.9001003664044737,0.8784313725490196,0.9172463175122749,0.6052631578947368,0.9787234042553191,0.5974025974025974,255.0
Streptomyces carzinostaticus,0.39923954372623577,0.785996522838628,0.5257016567550601,0.4426807760141093,0.6330606922712185,0.25301204819277107,0.9459459459459459,0.2494061757719715,567.0
Metallosphaera sedula,0.6052631578947368,0.9434129089301503,0.7925667809145968,0.8859315589353612,0.8452696728558797,0.48936170212765956,0.7931034482758621,0.4339622641509434,263.0
Aloe arborescens,0.1414141414141414,0.7346165062700495,0.10515723072466983,0.893483709273183,0.5604768153980753,0.1111111111111111,0.19444444444444445,0.07608695652173914,798.0
Calloselasma rhodostoma,0.20930232558139536,0.8205787679878818,0.14850337627635876,0.8944099378881988,0.6548062357990406,0.14210526315789473,0.39705882352941174,0.11688311688311688,1932.0
Prunus dulcis,0.4939759036144578,0.9167761077873438,0.4152710302391329,0.9193857965451055,0.7937318611475914,0.39805825242718446,0.6507936507936508,0.328,1042.0
Clostridium beijerinckii,0.23115577889447236,0.8095420974889218,0.14386629495707376,0.8910256410256411,0.6834711964549484,0.15436241610738255,0.46,0.13068181818181818,1404.0
Chloroflexus aurantiacus,0.37404580152671757,0.8970898485976669,0.4787889075609496,0.8385826771653543,0.7838173243981137,0.25257731958762886,0.7205882352941176,0.2300469483568075,1016.0
Nitrosomonas europaea,0.3623693379790941,0.880280970826491,0.3565358005933498,0.8165413533834587,0.7899495572509487,0.2379862700228833,0.7591240875912408,0.22127659574468084,1995.0
Bordetella bronchiseptica,0.5688073394495413,0.9334614527629234,0.7071784419452906,0.8795643818065343,0.8487656899881164,0.4381625441696113,0.8104575163398693,0.3974358974358974,1561.0
Aeromonas hydrophila,0.36538461538461536,0.7951274294096077,0.36675633978537603,0.8053097345132744,0.6830308030803081,0.27941176470588236,0.5277777777777778,0.2235294117647059,678.0
Papaver somniferum,0.7107438016528925,0.9480013550135501,0.8364678598966773,0.8809523809523809,0.8869410569105691,0.589041095890411,0.8958333333333334,0.5512820512820513,294.0
Caldanaerobacter subterraneus,0.35772357723577236,0.9182200292397661,0.3940118486351381,0.8354166666666667,0.8739035087719298,0.2222222222222222,0.9166666666666666,0.21782178217821782,480.0
Pseudomonas paraeruginosa,0.37037037037037035,0.8501669449081805,0.2623449230460524,0.9073208722741433,0.6751077377023722,0.33980582524271846,0.4069767441860465,0.22727272727272727,1284.0
Thermoproteus tenax,0.5691056910569106,0.9066425744278093,0.6465835004183559,0.8937875751503006,0.7962700051626226,0.49295774647887325,0.6730769230769231,0.3977272727272727,998.0
Thermus scotoductus,0.2962962962962963,0.8726571791822171,0.2375983133500296,0.8908045977011494,0.674486322437764,0.22535211267605634,0.43243243243243246,0.17391304347826086,696.0
Photobacterium phosphoreum,0.25396825396825395,0.7172914597815293,0.18943851533888537,0.7965367965367965,0.6256206554121152,0.18181818181818182,0.42105263157894735,0.14545454545454545,462.0
Brevibacterium sterolicum,0.6074766355140186,0.9394309038448005,0.5131044763374754,0.916083916083916,0.8154249454596636,0.5416666666666666,0.6914893617021277,0.436241610738255,1001.0
Candida parapsilosis,0.46794871794871795,0.9272828834108641,0.4325418396869395,0.8702111024237685,0.8348183216731988,0.33181818181818185,0.7934782608695652,0.3054393305439331,1279.0
Acinetobacter calcoaceticus,0.6666666666666666,0.9669097413318657,0.8426873794795839,0.8812154696132597,0.9041001651073197,0.5180722891566265,0.9347826086956522,0.5,362.0
Mycoplana ramosa,0.421875,0.9371153846153846,0.4150867429906675,0.8914956011730205,0.868798076923077,0.28125,0.84375,0.26732673267326734,682.0
Branchiostoma belcheri,0.35714285714285715,0.6386861313868613,0.28544034610098634,0.6645962732919255,0.6482664233576643,0.25,0.625,0.21739130434782608,161.0
Cryptococcus deneoformans,0.3333333333333333,0.913880671987498,0.2520553374723572,0.9038251366120219,0.728818998716303,0.24175824175824176,0.5365853658536586,0.2,915.0
Chryseobacterium sp.,0.6,0.9101607347876004,0.6368013526832152,0.9183673469387755,0.8163030998851895,0.5294117647058824,0.6923076923076923,0.42857142857142855,294.0
Encephalitozoon cuniculi,0.645320197044335,0.9246321677658674,0.6607180755443837,0.8853503184713376,0.8728008580283125,0.5177865612648221,0.8562091503267973,0.4763636363636364,1256.0
Brucella suis,0.49382716049382713,0.9270691775059858,0.5724552921970109,0.9160696008188332,0.7644146767617939,0.425531914893617,0.5882352941176471,0.32786885245901637,977.0
Shewanella denitrificans,0.6133333333333333,0.7917647058823529,0.5500275522126816,0.7478260869565218,0.753921568627451,0.5111111111111111,0.7666666666666667,0.4423076923076923,115.0
Treponema denticola,0.37349397590361444,0.930982456140351,0.3501553463029333,0.868020304568528,0.8432280701754387,0.2421875,0.8157894736842105,0.22962962962962963,788.0
Pseudogluconobacter saccharoketogenes,0.5476190476190477,0.9583526383526384,0.6554458312386028,0.9323843416370107,0.787953667953668,0.48936170212765956,0.6216216216216216,0.3770491803278688,562.0
Streptomyces hygroscopicus,0.4375,0.8759594969786053,0.523569942617079,0.8470254957507082,0.711905928466438,0.3684210526315789,0.5384615384615384,0.28,353.0
Cellulomonas fimi,0.5517241379310345,0.9281517094017094,0.589391036876573,0.9171974522292994,0.7799145299145299,0.5,0.6153846153846154,0.38095238095238093,314.0
Nototodarus sloanii,0.6371681415929203,0.9345664611453646,0.6092619557642327,0.8985148514851485,0.8161139810031661,0.5806451612903226,0.7058823529411765,0.4675324675324675,404.0
African swine fever,0.628099173553719,0.7584677419354838,0.6286401891034398,0.5588235294117647,0.6282258064516129,0.4691358024691358,0.95,0.4578313253012048,102.0
Renilla muelleri,0.6060606060606061,0.8956451936584388,0.6533602460705876,0.7880434782608695,0.8353401565322095,0.45454545454545453,0.9090909090909091,0.43478260869565216,184.0
Foot and mouth,0.5,0.9146205357142858,0.36840509133904553,0.9033613445378151,0.8649553571428572,0.359375,0.8214285714285714,0.3333333333333333,476.0
Bacillus caldolyticus,0.384,0.8694300518134714,0.3158718160008331,0.8149038461538461,0.8080310880829016,0.25263157894736843,0.8,0.2376237623762376,416.0
Varicella-zoster virus (strain,0.41025641025641024,0.9228015564202335,0.36679305476101537,0.9146567717996289,0.7840077821011673,0.3018867924528302,0.64,0.25806451612903225,539.0
Moraxella bovis,0.18691588785046728,0.7589285714285714,0.15964770006357173,0.8133047210300429,0.5813652073732719,0.13333333333333333,0.3125,0.10309278350515463,466.0
Megasphaera elsdenii,0.3486238532110092,0.9009750491231974,0.3335990620661793,0.9073107049608355,0.7204055907759611,0.2638888888888889,0.5135135135135135,0.2111111111111111,766.0
Saponaria officinalis,0.5970149253731343,0.936902966314731,0.7100516115688851,0.8949416342412452,0.7528908999497235,0.6451612903225806,0.5555555555555556,0.425531914893617,257.0
Bat coronavirus hku4,0.06521739130434782,0.5868243243243243,0.048853271223311075,0.7189542483660131,0.5165540540540541,0.036585365853658534,0.3,0.033707865168539325,306.0
Mycobacterium leprae,0.37410071942446044,0.8056416561325737,0.3233688703441297,0.7851851851851852,0.7285667284281978,0.2613065326633166,0.6582278481012658,0.23008849557522124,810.0
Selenomonas ruminantium,0.32432432432432434,0.8892861261676853,0.2021365933739042,0.9202551834130781,0.6793045784799908,0.26666666666666666,0.41379310344827586,0.1935483870967742,627.0
Streptomyces globisporus,0.4603174603174603,0.7543635589612601,0.534112211037872,0.38181818181818183,0.5802469135802469,0.29896907216494845,1.0,0.29896907216494845,110.0
Hapsidospora chrysogena,0.4539877300613497,0.8830272645335738,0.533616735003356,0.8710144927536232,0.7751520955385309,0.34579439252336447,0.6607142857142857,0.29365079365079366,690.0
Shigella sonnei,0.7126436781609196,0.9742870500233753,0.9032227010187112,0.8520710059171598,0.9094202898550725,0.5535714285714286,1.0,0.5535714285714286,169.0
Methanosarcina thermophila,0.3157894736842105,0.8627495038010711,0.26602885323628717,0.9021084337349398,0.6446279444257199,0.28846153846153844,0.3488372093023256,0.1875,664.0
Haloferax mediterranei,0.421875,0.8250377073906485,0.44977900680711697,0.6768558951965066,0.72526395173454,0.2872340425531915,0.7941176470588235,0.26732673267326734,229.0
Mycolicibacterium goodii,0.3684210526315789,0.8326469915351178,0.3372841766448357,0.7699680511182109,0.7287805994051704,0.25301204819277107,0.6774193548387096,0.22580645161290322,313.0
Mycolicibacterium paratuberculosis,0.7164179104477612,0.9446259985475672,0.8289251048246661,0.8589108910891089,0.870141038871689,0.6,0.8888888888888888,0.5581395348837209,808.0
Pleurotus cornucopiae,0.375,0.7283720930232558,0.2321174235438252,0.7959183673469388,0.6686046511627908,0.3,0.5,0.23076923076923078,245.0
Hydrogenophaga pseudoflava,0.6141732283464567,0.9257322175732217,0.760015747828448,0.8292682926829268,0.8225679916317992,0.4936708860759494,0.8125,0.4431818181818182,287.0
Paenibacillus barcinonensis,0.5423728813559322,0.9340982641953516,0.5787519859809148,0.918429003021148,0.8296557811120918,0.43243243243243246,0.7272727272727273,0.37209302325581395,331.0
Erythrobacter litoralis,0.6476190476190476,0.9322896281800391,0.89094413099348,0.6574074074074074,0.7391389432485322,0.4857142857142857,0.9714285714285714,0.4788732394366197,108.0
Desulfocurvibacter africanus,0.20833333333333334,0.9164183467122817,0.17644523727220787,0.9343762698090208,0.7051062164910229,0.13406940063091483,0.46703296703296704,0.11627906976744186,9844.0
Streptococcus uberis,0.41904761904761906,0.9470266575529733,0.6431910361950142,0.7881944444444444,0.8853383458646616,0.26506024096385544,1.0,0.26506024096385544,288.0
Severe acute respiratory,0.2333000997008973,0.7301627179555438,0.17499430138866212,0.7394986449864499,0.6440203647011846,0.14942528735632185,0.5318181818181819,0.13205417607223477,2952.0
Alicyclobacillus acidocaldarius,0.18411734951947395,0.8559014565076347,0.10974484982095428,0.9276162268892479,0.6476215796914685,0.12440191387559808,0.3540856031128405,0.10139275766016713,22284.0
Wolinella succinogenes,0.027972027972027972,0.7811549570573271,0.024628866576515942,0.9394599303135889,0.517521375695786,0.016666666666666666,0.08695652173913043,0.014184397163120567,2296.0
Babesia bovis,0.2568306010928962,0.7511482917318462,0.19178118243632533,0.8641358641358642,0.6472737989979369,0.18875502008032127,0.4017094017094017,0.14733542319749215,2002.0
Bothrops jararacussu,0.532258064516129,0.8508663366336633,0.5223922823364342,0.7603305785123967,0.7862623762376237,0.39285714285714285,0.825,0.3626373626373626,242.0
Shewanella frigidimarina,0.4084507042253521,0.919395116537181,0.39421162498192974,0.851063829787234,0.8519422863485017,0.26851851851851855,0.8529411764705882,0.25663716814159293,1128.0
Vibrio vulnificus,0.6814814814814815,0.9704656862745098,0.926862042284066,0.8027522935779816,0.8585784313725491,0.5287356321839081,0.9583333333333334,0.5168539325842697,218.0
Streptomyces galilaeus,0.25142857142857145,0.7994133059922534,0.17063134277173497,0.768141592920354,0.7205513784461153,0.15492957746478872,0.6666666666666666,0.1437908496732026,1130.0
Streptantibioticus cattleyicolor,0.30985915492957744,0.8888171732742058,0.22936984719249795,0.8596792668957618,0.7818145231713152,0.19927536231884058,0.6962025316455697,0.18333333333333332,1746.0
Streptococcus thermophilus,0.41134751773049644,0.9580493076063383,0.4636631488426759,0.848170731707317,0.9198325820991629,0.25892857142857145,1.0,0.25892857142857145,1640.0
Cryphonectria parasitica,0.511382382052128,0.9379336819101796,0.5853838018437495,0.8594876660341556,0.8756175334376421,0.3579676674364896,0.894919168591224,0.34352836879432624,10540.0
Human rhinovirus 14,0.31118493909191586,0.8573170046873647,0.20054089540558143,0.8968405340409653,0.7305498553466268,0.21715610510046368,0.548828125,0.1842622950819672,12059.0
Rotavirus a (strain,0.4639175257731959,0.9517195767195767,0.6509599416632655,0.8308943089430895,0.8796847442680775,0.3082191780821918,0.9375,0.30201342281879195,615.0
Advenella mimigardefordensis,0.3620689655172414,0.8653283052351375,0.2681606190947693,0.8578745198463509,0.7767450458444247,0.24609375,0.6847826086956522,0.22105263157894736,1562.0
Onchocerca volvulus,0.29213483146067415,0.9053140096618357,0.2203994728827542,0.9242788461538461,0.7103059581320451,0.20967741935483872,0.48148148148148145,0.17105263157894737,832.0
Wesselsbron virus,0.7302904564315352,0.956837881879305,0.7683700407888135,0.9199507389162561,0.891923535130842,0.6376811594202898,0.8543689320388349,0.5751633986928104,812.0
Streptomyces bikiniensis,0.277992277992278,0.8525745648877012,0.21923609999369356,0.8436454849498328,0.723716328446595,0.18181818181818182,0.5901639344262295,0.16143497757847533,1196.0
Aegilops tauschii,0.04580152671755725,0.5416666666666666,0.04433298774076707,0.8117469879518072,0.4749550763701707,0.02912621359223301,0.10714285714285714,0.0234375,664.0
Leishmania donovani,0.6868686868686869,0.9676268803894006,0.8536879627653448,0.9109195402298851,0.8987474560980215,0.5619834710743802,0.8831168831168831,0.5230769230769231,696.0
Yellow fever virus,0.6746987951807228,0.9454148471615721,0.7387217476939256,0.896551724137931,0.8872816593886463,0.5490196078431373,0.875,0.509090909090909,261.0
Winmispira thermophila,0.3948497854077253,0.7227737016256653,0.34479943440329247,0.6421319796954315,0.677768186831631,0.27058823529411763,0.7301587301587301,0.24598930481283424,394.0
Micromonospora griseorubida,0.36082474226804123,0.8566092650982295,0.40483844311251094,0.7898305084745763,0.7656560756730536,0.23890784982935154,0.7368421052631579,0.22012578616352202,1180.0
Canis lupus,0.39943741209563993,0.9210520498281218,0.5433444069599116,0.7711682743837085,0.8264471488101159,0.2572463768115942,0.8930817610062893,0.24956063268892795,3732.0
Leishmania mexicana,0.2538860103626943,0.8942722739083062,0.16067369142895255,0.92929044930027,0.7249091128153549,0.16896551724137931,0.5104166666666666,0.14540059347181009,4073.0
Mycoplasma mycoides,0.2184873949579832,0.7873070682697508,0.16896074868998448,0.9198966408268734,0.6229874776386404,0.17105263157894737,0.3023255813953488,0.12264150943396226,1161.0
Physarum polycephalum,0.4,0.8465881063305015,0.2790859769388268,0.8148148148148148,0.7770896135927652,0.27522935779816515,0.7317073170731707,0.25,486.0
Jacaratia mexicana,0.1702127659574468,0.8604890846060151,0.12844218460768972,0.9079102715466352,0.6173053499484681,0.11764705882352941,0.3076923076923077,0.09302325581395349,847.0
Neurospora crassa,0.34782608695652173,0.8990414347557205,0.391033821415639,0.855072463768116,0.7947588126159555,0.22857142857142856,0.7272727272727273,0.21052631578947367,621.0
Achromobacter obae,0.11822660098522167,0.9137254901960784,0.2677332868987061,0.7889150943396226,0.7943577430972389,0.06382978723404255,0.8,0.06282722513089005,848.0
Aequorea victoria,0.40771349862258954,0.7830309782740329,0.3166683162604701,0.8097345132743363,0.7183899694011836,0.30833333333333335,0.6016260162601627,0.2560553633217993,1130.0
Lolium perenne,0.2878228782287823,0.892872282444135,0.31029270722943664,0.8179245283018868,0.8074547326348938,0.17567567567567569,0.7959183673469388,0.16810344827586207,1060.0
Trametes ochracea,0.6363636363636364,0.9416033598912976,0.7519290859238175,0.902946273830156,0.8480328577604842,0.5384615384615384,0.7777777777777778,0.4666666666666667,577.0
Xanthomonas campestris,0.4782608695652174,0.9155176773310725,0.6785513902171416,0.8792756539235412,0.821337735933247,0.3503184713375796,0.7534246575342466,0.3142857142857143,994.0
Sphingobium sp.,0.746268656716418,0.9684092089319716,0.9105492059092201,0.8745387453874539,0.9005971957763546,0.6172839506172839,0.9433962264150944,0.5952380952380952,271.0
Xylella fastidiosa,0.42990654205607476,0.8264907560107629,0.44915717825969137,0.8105590062111802,0.7039753493620347,0.3484848484848485,0.5609756097560976,0.27380952380952384,322.0
Lassa virus (strain,0.4940239043824701,0.946858018268008,0.5945736820330687,0.8770571151984511,0.8696814660654411,0.3463687150837989,0.8611111111111112,0.328042328042328,1033.0
Streptomyces asoensis,0.44274809160305345,0.9123888729566964,0.4703966590140738,0.8923303834808259,0.7838041296243189,0.3333333333333333,0.6590909090909091,0.28431372549019607,678.0
Neotermes koshunensis,0.5217391304347826,0.9752617801047121,0.6803552957203519,0.9068454481298518,0.9036275243081526,0.3673469387755102,0.9,0.35294117647058826,1417.0
Desulfotalea psychrophila,0.34177215189873417,0.7885041551246538,0.4410445298568477,0.7406483790523691,0.7114612188365651,0.2288135593220339,0.675,0.20610687022900764,401.0
Rhodococcus erythropolis,0.45,0.9426329555361814,0.6432217658736162,0.8354114713216958,0.8517000871839582,0.30337078651685395,0.8709677419354839,0.2903225806451613,401.0
Ureaplasma parvum,0.0995850622406639,0.67787366462417,0.07101732128954315,0.8638644918444166,0.5435661351897597,0.06666666666666667,0.19672131147540983,0.05240174672489083,1594.0
Poliovirus type 3,0.21818181818181817,0.7829031051253273,0.11456865324708537,0.8979833926453143,0.6416947250280584,0.15584415584415584,0.36363636363636365,0.12244897959183673,843.0
Coffea canephora,0.19047619047619047,0.8753003562846963,0.12248122391771613,0.9135802469135802,0.6582774049217003,0.12612612612612611,0.3888888888888889,0.10526315789473684,1377.0
Betula pendula,0.5440613026819924,0.86972433785542,0.6566900092538752,0.750524109014675,0.789825685351026,0.4,0.8502994011976048,0.3736842105263158,954.0
Human herpesvirus 1,0.3530895334174023,0.8248201173841506,0.3093305190605367,0.8732081067721206,0.7191794978839747,0.2616822429906542,0.5426356589147286,0.21439509954058192,4046.0
Kamptonema sp.,0.3027027027027027,0.9001890783232918,0.24278144114242356,0.8862433862433863,0.6953755928727087,0.2204724409448819,0.4827586206896552,0.17834394904458598,1134.0
Amycolatopsis sp,0.5252525252525253,0.967741935483871,0.6770432215551135,0.8719346049046321,0.9310850439882699,0.3561643835616438,1.0,0.3561643835616438,367.0
Datura stramonium,0.4588235294117647,0.9139252789907812,0.4678831757244313,0.8170974155069582,0.8394468704512372,0.312,0.8666666666666667,0.29770992366412213,503.0
Crotalus atrox,0.1976284584980237,0.6841083479707866,0.11307406409083517,0.7475124378109452,0.6015762226125543,0.1282051282051282,0.43103448275862066,0.10964912280701754,804.0
Kluyveromyces marxianus,0.5825242718446602,0.959517514871117,0.6830626871543287,0.8897435897435897,0.8864011896893589,0.43478260869565216,0.8823529411764706,0.410958904109589,390.0
Idiomarina loihiensis,0.4084507042253521,0.9066381834005856,0.42051358776618447,0.7980769230769231,0.8349552970962892,0.26605504587155965,0.8787878787878788,0.25663716814159293,416.0
Alcaligenes sp.,0.4186046511627907,0.939352058859396,0.5281576130636225,0.8602794411177644,0.8615619574117197,0.27631578947368424,0.863013698630137,0.2647058823529412,2505.0
Trichosurus vulpecula,0.05555555555555555,0.6198830409356726,0.05311840448261413,0.7609841827768014,0.5004033071183707,0.031746031746031744,0.2222222222222222,0.02857142857142857,569.0
Rhodotorula toruloides,0.453416149068323,0.9127327935222672,0.5027506291941983,0.7575757575757576,0.8471862348178137,0.2967479674796748,0.9605263157894737,0.2931726907630522,726.0
Saccharopolyspora spinosa,0.4444444444444444,0.9069319965567877,0.4131144926759053,0.851150202976996,0.8088257633297888,0.3142857142857143,0.7586206896551724,0.2857142857142857,739.0
Mycobacterium bovis,0.48120300751879697,0.9258268964151317,0.630183358058064,0.7915407854984894,0.8577936224995049,0.32323232323232326,0.9411764705882353,0.31683168316831684,331.0
Streptomyces lasalocidi,0.2608695652173913,0.6743272207668493,0.19238029211414795,0.697508896797153,0.586984996427721,0.18518518518518517,0.4411764705882353,0.15,281.0
Epstein-barr virus (strain,0.47619047619047616,0.8885994790623122,0.3860743612739562,0.8625,0.7684832698857944,0.375,0.6521739130434783,0.3125,240.0
Momordica charantia,0.676923076923077,0.9551426426426426,0.7528301813420228,0.9146341463414634,0.9155405405405406,0.5365853658536586,0.9166666666666666,0.5116279069767442,246.0
Lactobacillus delbrueckii,0.3711340206185567,0.8586305445718984,0.2991858202694899,0.9081325301204819,0.6890146028266061,0.32142857142857145,0.43902439024390244,0.22784810126582278,664.0
Thalictrum flavum,0.44274809160305345,0.8686644469108398,0.37556589358366843,0.7926136363636364,0.8195523492415835,0.29896907216494845,0.8529411764705882,0.28431372549019607,352.0
Mycoplasma pneumoniae,0.5263157894736842,0.9167733674775929,0.6807764041044109,0.7804878048780488,0.8348271446862996,0.37037037037037035,0.9090909090909091,0.35714285714285715,164.0
Halobacterium salinarum,0.025,0.7027175268012964,0.04644031138399411,0.9429407461594733,0.49834205933682374,0.02,0.03333333333333333,0.012658227848101266,1367.0
Ricinus communis,0.6344827586206897,0.9598750405712431,0.7122472490568899,0.8992395437262357,0.8927296332359623,0.4946236559139785,0.8846153846153846,0.46464646464646464,526.0
Streptomyces lavendulae,0.28044280442804426,0.8275814275814275,0.25348703788381244,0.8091976516634051,0.7267498267498267,0.18009478672985782,0.6333333333333333,0.1630901287553648,1022.0
Sorangium cellulosum,0.5779467680608364,0.9668680939226519,0.802179227283658,0.8619402985074627,0.9011049723756905,0.41530054644808745,0.95,0.40641711229946526,804.0
Streptococcus anginosus,0.425531914893617,0.9520682367149759,0.4512286825135863,0.8950777202072538,0.865715579710145,0.2857142857142857,0.8333333333333334,0.2702702702702703,772.0
Pyrobaculum neutrophilum,0.40384615384615385,0.9604051565377533,0.5688925552875216,0.8381201044386423,0.9143646408839778,0.25301204819277107,1.0,0.25301204819277107,383.0
Oncorhynchus mykiss,0.5647058823529412,0.913076923076923,0.7111126512554362,0.7131782945736435,0.8069230769230769,0.4,0.96,0.39344262295081966,129.0
Human enterovirus d68,0.29411764705882354,0.7856091277143908,0.24468283431777063,0.8633776091081594,0.6726168568273831,0.21739130434782608,0.45454545454545453,0.1724137931034483,527.0
Trichormus variabilis,0.2644628099173554,0.762756052141527,0.25994573074540495,0.770618556701031,0.6619180633147114,0.17582417582417584,0.5333333333333333,0.1523809523809524,388.0
Columba livia,0.5419354838709678,0.9015272727272727,0.625728450230459,0.872072072072072,0.8238181818181818,0.42,0.7636363636363637,0.37168141592920356,555.0
Slackia exigua,0.3956043956043956,0.8198803704656548,0.32475655566994116,0.8307692307692308,0.7675585284280937,0.27692307692307694,0.6923076923076923,0.2465753424657534,650.0
Xanthomonas oryzae,0.36220472440944884,0.8447916666666666,0.33225873501821485,0.7665706051873199,0.805613425925926,0.23,0.8518518518518519,0.22115384615384615,347.0
Lacticaseibacillus paracasei,0.5689655172413793,0.8788590875941982,0.5310141047471153,0.8484848484848485,0.8140345190827324,0.4520547945205479,0.7674418604651163,0.39759036144578314,330.0
Flaveria bidentis,0.6442953020134228,0.9329514824797843,0.7570797959324168,0.8582887700534759,0.8578167115902965,0.5161290322580645,0.8571428571428571,0.4752475247524752,374.0
Auricularia auricula-judae,0.2857142857142857,0.9471966205837173,0.24184235778498833,0.8766816143497758,0.896121351766513,0.16923076923076924,0.9166666666666666,0.16666666666666666,446.0
Streptomyces pactum,0.25263157894736843,0.9236448115642747,0.275274856380392,0.8158236057068742,0.8675787299948374,0.14634146341463414,0.9230769230769231,0.14457831325301204,771.0
Fragaria ananassa,0.23684210526315788,0.7879692832764505,0.3600629369488972,0.6340694006309149,0.6872866894197952,0.140625,0.75,0.13432835820895522,317.0
Lentzea aerocolonigenes,0.49206349206349204,0.9620433789954339,0.8738620181258081,0.7450199203187251,0.8405393835616438,0.32978723404255317,0.96875,0.3263157894736842,251.0
Colwellia psychrerythraea,0.4793388429752066,0.9338483620398513,0.5966646889827562,0.8960396039603961,0.8009118541033435,0.3670886075949367,0.6904761904761905,0.31521739130434784,606.0
Ehrlichia chaffeensis,0.5581395348837209,0.9296628029504743,0.7932813868993376,0.7790697674418605,0.8382507903055849,0.4,0.9230769230769231,0.3870967741935484,172.0
Paraburkholderia phymatum,0.34355828220858897,0.8922242314647377,0.39355436205382854,0.7897838899803536,0.7945147679324895,0.21875,0.8,0.2074074074074074,509.0
Niallia circulans,0.2706766917293233,0.8341624477217697,0.21551164759065358,0.8581871345029239,0.6955095751705921,0.1836734693877551,0.5142857142857142,0.1565217391304348,684.0
Phaeodactylum tricornutum,0.5901639344262295,0.8703007518796992,0.754844291196101,0.6323529411764706,0.7287862513426423,0.42857142857142855,0.9473684210526315,0.4186046511627907,136.0
Thermococcus sibiricus,0.6,0.8913791306160742,0.7791697848515329,0.7435897435897436,0.7808818930470134,0.4639175257731959,0.8490566037735849,0.42857142857142855,234.0
Ambystoma mexicanum,0.4444444444444444,0.7718646864686469,0.40331839417797594,0.56,0.6959570957095709,0.29333333333333333,0.9166666666666666,0.2857142857142857,125.0
Podophyllum peltatum,0.556390977443609,0.9802585193889541,0.9192391342184656,0.7790262172284644,0.8717391304347826,0.3854166666666667,1.0,0.3854166666666667,267.0
Schistosoma mansoni,0.5379310344827586,0.9392657427668368,0.669162333181421,0.8665338645418327,0.8665937272064187,0.39,0.8666666666666667,0.36792452830188677,502.0
Equine infectious anemia,0.5034965034965035,0.866510880677669,0.7289893358698807,0.6586538461538461,0.7414195998247408,0.35294117647058826,0.8780487804878049,0.3364485981308411,208.0
Human coronavirus 229e,0.7435897435897436,0.9520603835169318,0.872167146142196,0.8802395209580839,0.8389432884536924,0.725,0.7631578947368421,0.5918367346938775,167.0
Vibrio proteolyticus,0.4827586206896552,0.8719445953286258,0.5443126063743775,0.8969072164948454,0.7195817490494296,0.4666666666666667,0.5,0.3181818181818182,291.0
